0,0,0,0,0,0,0,0,0,0,0,0
0.000269,23.2219,-6.21647,1.66414,-0.445487,0.119256,-0.0319246,0.00854595,-0.00228695,0.000609294,-0.0001522,0
0.000538,46.2949,-12.3698,3.30514,-0.883114,0.235962,-0.0630469,0.0168452,-0.00449934,0.00119648,-0.000298384,0
0.000806,69.1489,-18.4182,4.90571,-1.30661,0.348002,-0.0926846,0.0246839,-0.00657171,0.00174197,-0.000433186,0
0.001075,91.7147,-24.3207,6.44885,-1.70985,0.45332,-0.120176,0.031856,-0.00844115,0.00222701,-0.000551484,0
0.001344,113.925,-30.037,7.91808,-2.08692,0.549937,-0.14489,0.0381654,-0.0100483,0.00263399,-0.000648497,0
0.001613,135.712,-35.5281,9.29744,-2.43214,0.635974,-0.16623,0.0434293,-0.0113381,0.00294679,-0.000719883,0
0.001881,157.013,-40.7561,10.5717,-2.74012,0.709668,-0.183645,0.0474802,-0.0122611,0.00315104,-0.000761819,0
0.00215,177.765,-45.6849,11.7262,-3.00584,0.769394,-0.196634,0.0501691,-0.0127739,0.00323441,-0.000771088,0
0.002419,197.907,-50.2795,12.7475,-3.22462,0.813679,-0.204755,0.0513668,-0.0128399,0.00318687,-0.000745144,0
0.002688,217.382,-54.5073,13.6228,-3.39225,0.84122,-0.207625,0.0509667,-0.0124303,0.00300086,-0.000682175,0
0.002956,236.135,-58.3371,14.3405,-3.50495,0.850898,-0.204934,0.0488862,-0.0115243,0.00267149,-0.000581153,0
0.003225,254.113,-61.7403,14.89,-3.55943,0.841788,-0.196441,0.0450682,-0.0101099,0.0021967,-0.000441872,0
0.003494,271.267,-64.6902,15.262,-3.55296,0.813175,-0.181983,0.0394823,-0.00818392,0.00157735,-0.00026498,0
0.003763,287.551,-67.1626,15.4484,-3.48331,0.76456,-0.161476,0.0321261,-0.00575265,0.000817272,-5.19871e-05,0
0.004031,302.924,-69.1359,15.4423,-3.34887,0.695669,-0.134919,0.0230252,-0.00283169,-7.66729e-05,0.00019473,0
0.0043,317.344,-70.5909,15.2385,-3.1486,0.60646,-0.102394,0.0122341,0.000553903,-0.00109463,0.000471938,0
0.004569,330.779,-71.5111,14.8327,-2.88205,0.497125,-0.0640664,-0.000164148,0.00436969,-0.00222382,0.000775572,0
0.004838,343.194,-71.8829,14.2226,-2.54942,0.368091,-0.0201877,-0.0140579,0.00857207,-0.0034486,0.00110078,0
0.005106,340.637,-67.9674,12.4087,-1.88435,0.148505,0.0480538,-0.0344331,0.0144801,-0.00511604,0.00153322,0
0.005375,309.143,-56.0386,8.40012,-0.623844,-0.231252,0.159049,-0.0661387,0.02337,-0.00756015,0.00215497,0
0.005644,272.309,-42.4552,3.91322,0.768036,-0.645568,0.278767,-0.0999485,0.03274,-0.0101056,0.00279533,0
0.005913,234.835,-28.5234,-0.686222,2.18835,-1.06538,0.398989,-0.133539,0.041934,-0.0125683,0.0034063,0
0.006181,196.846,-14.3257,-5.35973,3.62168,-1.48504,0.517764,-0.166264,0.0507454,-0.0148844,0.00396993,0
0.00645,158.47,0.0543622,-10.0683,5.05244,-1.89885,0.633134,-0.197481,0.0589697,-0.0169909,0.0044687,0
0.006719,119.836,14.5326,-14.7728,6.465,-2.30113,0.743158,-0.226554,0.0664069,-0.018827,0.00488578,0
0.006988,81.0722,29.0246,-19.4339,7.84377,-2.68624,0.845929,-0.252867,0.0728644,-0.0203346,0.00520533,0
0.007256,42.3065,43.4461,-24.0126,9.17339,-3.04869,0.939595,-0.275828,0.07816,-0.0214597,0.00541278,0
0.007525,3.66711,57.7134,-28.4705,10.4388,-3.38312,1.02238,-0.294877,0.0821242,-0.0221528,0.00549508,0
0.007794,-34.7192,71.744,-32.7696,11.6252,-3.68438,1.09261,-0.309493,0.0846027,-0.0223702,0.00544098,0
0.008063,-72.7272,85.4563,-36.873,12.7187,-3.9476,1.14871,-0.319202,0.0854591,-0.0220747,0.00524124,0
0.008331,-110.234,98.771,-40.7451,13.7055,-4.1682,1.18925,-0.323584,0.0845768,-0.0212358,0.00488886,0
0.0086,-147.119,111.611,-44.3514,14.5731,-4.34195,1.21295,-0.322274,0.081861,-0.0198311,0.00437923,0
0.008869,-183.266,123.9,-47.6593,15.3095,-4.46502,1.21867,-0.314974,0.0772407,-0.0178463,0.00371029,0
0.009138,-218.559,135.568,-50.6377,15.9037,-4.53398,1.20548,-0.301455,0.07067,-0.0152761,0.00288269,0
0.009406,-252.89,146.545,-53.2576,16.3457,-4.54588,1.17263,-0.281559,0.0621296,-0.0121239,0.00189982,0
0.009675,-286.152,156.766,-55.4923,16.6266,-4.49828,1.11955,-0.255206,0.0516276,-0.00840287,0.000767906,0
0.009944,-318.245,166.17,-57.3173,16.7389,-4.38923,1.0459,-0.222394,0.0392004,-0.00413549,-0.000503978,0
0.010213,-339.709,172.191,-58.0394,16.4964,-4.16927,0.938695,-0.179758,0.0239907,0.000891845,-0.00196532,0
0.010482,-346.021,173.601,-57.3267,15.811,-3.81552,0.792175,-0.125908,0.00567996,0.00674652,-0.00362846,0
0.010751,-351.072,174.115,-56.1764,14.952,-3.40128,0.626474,-0.066422,-0.0141738,0.012993,-0.00537948,0
0.011019,-354.851,173.731,-54.5919,13.9231,-2.92902,0.442827,-0.0018404,-0.0353559,0.0195522,-0.00719321,0
0.011288,-357.357,172.452,-52.5792,12.7295,-2.40172,0.242674,0.0672238,-0.0576271,0.0263373,-0.00904239,0
0.011557,-358.59,170.283,-50.1469,11.3774,-1.82287,0.0276516,0.140089,-0.0807261,0.0332551,-0.0108979,0
0.011826,-358.559,167.236,-47.306,9.87451,-1.19649,-0.20042,0.216011,-0.104372,0.0402063,-0.0127293,0
0.012095,-357.274,163.326,-44.07,8.2294,-0.527053,-0.439547,0.294189,-0.128266,0.0470869,-0.0145048,0
0.012363,-354.755,158.571,-40.4546,6.45186,0.180525,-0.687578,0.373771,-0.152095,0.0537895,-0.0161921,0
0.012632,-351.022,152.994,-36.478,4.55273,0.920912,-0.942223,0.453864,-0.175536,0.0602039,-0.0177582,0
0.012901,-346.102,146.623,-32.1605,2.54385,1.6884,-1.20107,0.533536,-0.198256,0.066219,-0.0191706,0
0.01317,-340.028,139.487,-27.5244,0.437953,2.47695,-1.46158,0.611833,-0.219918,0.0717235,-0.0203968,0
0.013439,-332.835,131.621,-22.5941,-1.75137,3.2802,-1.72117,0.68778,-0.240184,0.0766076,-0.0214054,0
0.013707,-324.564,123.061,-17.3958,-4.00977,4.09158,-1.97716,0.760391,-0.258718,0.0807643,-0.0221665,0
0.013976,-315.259,113.849,-11.9572,-6.32221,4.90426,-2.22682,0.828681,-0.275189,0.0840902,-0.0226515,0
0.014245,-304.968,104.028,-6.30776,-8.67309,5.71128,-2.46742,0.891676,-0.289276,0.0864875,-0.0228344,0
0.014514,-293.744,93.6435,-0.47828,-11.0463,6.50556,-2.69623,0.948416,-0.300672,0.0878652,-0.0226913,0
0.014783,-281.641,82.7448,5.49927,-13.4253,7.27995,-2.91053,0.99797,-0.309085,0.0881397,-0.0222016,0
0.015051,-268.719,71.3828,11.5919,-15.7933,8.02729,-3.10764,1.03945,-0.314244,0.0872369,-0.0213479,0
0.01532,-255.039,59.6106,17.7655,-18.1333,8.74047,-3.28496,1.072,-0.315901,0.0850929,-0.0201164,0
0.015589,-240.664,47.4831,23.9857,-20.4283,9.41246,-3.43999,1.09483,-0.313836,0.0816551,-0.0184974,0
0.015858,-225.66,35.0566,30.2173,-22.6612,10.0364,-3.57033,1.10721,-0.307857,0.0768833,-0.0164852,0
0.016127,-210.096,22.3888,36.4248,-24.815,10.6055,-3.67372,1.10848,-0.297808,0.0707505,-0.0140788,0
0.016395,-194.04,9.5383,42.5726,-26.873,11.1135,-3.74805,1.09808,-0.283563,0.063244,-0.011282,0
0.016664,-177.565,-3.43555,48.6253,-28.8189,11.554,-3.7914,1.0755,-0.265041,0.0543657,-0.00810331,0
0.016933,-160.741,-16.473,54.5474,-30.6367,11.9215,-3.80204,1.04036,-0.242194,0.0441331,-0.00455629,0
0.017202,-143.642,-29.5143,60.3043,-32.3111,12.2103,-3.77846,0.992352,-0.215021,0.0325792,-0.000659604,0
0.017471,-126.34,-42.4995,65.8616,-33.8272,12.4156,-3.71936,0.931298,-0.183563,0.0197535,0.00356301,0
0.017739,-108.908,-55.3694,71.186,-35.1712,12.5327,-3.62372,0.857118,-0.147903,0.0057213,0.00808274,0
0.018008,-91.419,-68.0654,76.245,-36.3298,12.5579,-3.49077,0.769848,-0.108174,-0.00943545,0.0128658,0
0.018277,-73.9447,-80.5297,81.0073,-37.2908,12.4875,-3.32,0.669646,-0.0645504,-0.0256189,0.0178735,0
0.018546,-56.5562,-92.706,85.443,-38.0429,12.3188,-3.11119,0.556788,-0.0172548,-0.0427153,0.0230624,0
0.018815,-39.3234,-104.539,89.5236,-38.5759,12.0495,-2.86444,0.431672,0.0334451,-0.0605956,0.028385,0
0.019083,-22.3144,-115.976,93.2223,-38.881,11.6781,-2.58012,0.29482,0.0872373,-0.0791161,0.0337892,0
0.019352,-5.5957,-126.966,96.5141,-38.9502,11.2036,-2.2589,0.146875,0.143766,-0.0981192,0.0392194,0
0.019621,10.7683,-137.459,99.376,-38.7771,10.6257,-1.9018,-0.0114,0.202634,-0.117434,0.0446166,0
0.01989,26.7156,-147.409,101.787,-38.3566,9.94501,-1.5101,-0.179122,0.263403,-0.136879,0.0499187,0
0.020159,42.1869,-156.772,103.728,-37.6849,9.16262,-1.08542,-0.355294,0.325598,-0.15626,0.0550613,0
0.020427,57.1257,-165.507,105.182,-36.7597,8.28044,-0.629672,-0.538809,0.388709,-0.175375,0.059978,0
0.020696,71.4784,-173.575,106.136,-35.58,7.30109,-0.145061,-0.728454,0.452195,-0.194014,0.0646011,0
0.020965,85.1949,-180.942,106.577,-34.1465,6.22789,0.365913,-0.922919,0.515487,-0.21196,0.0688621,0
0.021234,98.2286,-187.576,106.497,-32.4612,5.06488,0.900471,-1.1208,0.577989,-0.228994,0.0726925,0
0.021503,110.536,-193.449,105.888,-30.5278,3.81679,1.45557,-1.32061,0.639088,-0.244893,0.0760243,0
0.021771,122.079,-198.536,104.747,-28.3513,2.48904,2.02791,-1.52079,0.698155,-0.259431,0.0787907,0
0.02204,132.821,-202.817,103.073,-25.9384,1.0877,2.61397,-1.7197,0.754548,-0.272389,0.0809268,0
0.022309,142.731,-206.273,100.866,-23.297,-0.380509,3.21,-1.91568,0.807622,-0.283546,0.0823706,0
0.022578,151.783,-208.892,98.1317,-20.4367,-1.90829,3.81204,-2.10699,0.856728,-0.292689,0.0830633,0
0.022847,159.952,-210.664,94.8754,-17.3684,-3.48775,4.41599,-2.29188,0.901223,-0.299614,0.08295,0
0.023115,167.221,-211.584,91.107,-14.1043,-5.11047,5.01758,-2.46857,0.940474,-0.304125,0.081981,0
0.023384,173.575,-211.648,86.8385,-10.6581,-6.76754,5.6124,-2.63529,0.973865,-0.306039,0.0801116,0
0.023653,179.005,-210.86,82.0844,-7.04446,-8.44961,6.19597,-2.79024,1.0008,-0.305185,0.0773037,0
0.023922,183.504,-209.226,76.8618,-3.27955,-10.1469,6.76373,-2.93167,1.0207,-0.301412,0.0735255,0
0.024191,187.071,-206.754,71.1902,0.619532,-11.8494,7.31106,-3.05787,1.03304,-0.294584,0.068753,0
0.024459,189.71,-203.459,65.0913,4.63461,-13.5466,7.83336,-3.16715,1.03732,-0.284587,0.0629698,0
0.024728,191.426,-199.358,58.5894,8.74657,-15.2279,8.32602,-3.25789,1.03308,-0.271328,0.0561682,0
0.024997,192.232,-194.47,51.7105,12.9354,-16.8825,8.78449,-3.32856,1.0199,-0.254738,0.0483492,0
0.025266,192.143,-188.82,44.4829,17.1804,-18.4995,9.20431,-3.37769,0.997443,-0.234773,0.0395234,0
0.025535,191.177,-182.436,36.9367,21.4602,-20.068,9.58112,-3.40395,0.965404,-0.211417,0.0297108,0
0.025803,189.358,-175.347,29.1038,25.7528,-21.5769,9.91071,-3.40608,0.92355,-0.18468,0.0189415,0
0.026072,186.712,-167.588,21.0175,30.0359,-23.0154,10.189,-3.38298,0.871715,-0.154603,0.00725577,0
0.026341,183.269,-159.194,12.7128,34.2867,-24.3728,10.4123,-3.33367,0.809801,-0.121256,-0.00529603,0
0.02661,179.062,-150.205,4.22571,38.4823,-25.6385,10.5768,-3.25733,0.737786,-0.0847401,-0.0186531,0
0.026879,174.127,-140.662,-4.40646,42.5998,-26.8023,10.6794,-3.15329,0.655725,-0.045187,-0.0327443,0
0.027147,168.504,-130.608,-13.1456,46.6162,-27.8543,10.7169,-3.02107,0.563751,-0.00276045,-0.0474886,0
0.027416,162.235,-120.089,-21.9528,50.5086,-28.785,10.6866,-2.86035,0.462079,0.0423445,-0.0627948,0
0.027685,155.362,-109.153,-30.7887,54.2546,-29.5853,10.5862,-2.671,0.351006,0.0899016,-0.0785621,0
0.027954,147.934,-97.849,-39.6134,57.8321,-30.2468,10.4137,-2.45309,0.230915,0.139654,-0.0946807,0
0.028223,139.998,-86.2266,-48.3871,61.2194,-30.7615,10.1674,-2.20689,0.10227,0.191314,-0.111032,0
0.028491,131.603,-74.3376,-57.0697,64.3955,-31.1221,9.84613,-1.93286,-0.0343791,0.244567,-0.127489,0
0.02876,122.802,-62.2344,-65.6215,67.3403,-31.3221,9.44919,-1.63169,-0.178402,0.299068,-0.143917,0
0.029029,113.647,-49.9698,-74.0033,70.0344,-31.3556,8.97623,-1.30426,-0.329085,0.354448,-0.160176,0
0.029298,104.191,-37.5971,-82.1762,72.4595,-31.2176,8.42738,-0.951672,-0.485637,0.410312,-0.176118,0
0.029567,94.4888,-25.1696,-90.1024,74.5981,-30.9039,7.80326,-0.575228,-0.64719,0.466243,-0.191592,0
0.029835,84.594,-12.7406,-97.7448,76.4343,-30.4111,7.10494,-0.176444,-0.812803,0.521805,-0.206441,0
0.030104,74.5613,-0.362851,-105.068,77.9533,-29.7369,6.33401,0.242963,-0.981467,0.576541,-0.220507,0
0.030373,64.4452,11.9114,-112.036,79.1414,-28.8799,5.49253,0.681076,-1.15211,0.629983,-0.23363,0
0.030642,54.2995,24.0309,-118.618,79.9868,-27.8394,4.58304,1.13579,-1.32359,0.681649,-0.245648,0
0.030911,44.1774,35.9454,-124.78,80.479,-26.616,3.60858,1.6048,-1.49474,0.731048,-0.2564,0
0.031179,34.1312,47.6059,-130.495,80.609,-25.2112,2.57265,2.08564,-1.6643,0.777683,-0.265728,0
0.031448,24.2121,58.9651,-135.733,80.3698,-23.6275,1.47923,2.57569,-1.83103,0.821055,-0.273478,0
0.031717,14.4697,69.9775,-140.47,79.7556,-21.8685,0.332762,3.07215,-1.9936,0.860667,-0.279497,0
0.031986,4.95201,80.5992,-144.682,78.7629,-19.9387,-0.861877,3.57208,-2.15069,0.896026,-0.283641,0
0.032255,-4.29462,90.7889,-148.348,77.3896,-17.8436,-2.09938,4.07245,-2.30095,0.92665,-0.285773,0
0.032523,-13.2261,100.507,-151.449,75.6357,-15.5898,-3.37404,4.57007,-2.44303,0.952067,-0.285764,0
0.032792,-21.8004,109.717,-153.968,73.5027,-13.185,-4.67978,5.0617,-2.57557,0.971823,-0.283495,0
0.033061,-29.9781,118.385,-155.893,70.9944,-10.6375,-6.01013,5.54399,-2.69724,0.985484,-0.278859,0
0.03333,-37.7223,126.48,-157.212,68.1161,-7.95696,-7.35833,6.01356,-2.8067,0.992642,-0.271762,0
0.033599,-44.9987,133.972,-157.917,64.875,-5.15357,-8.71731,6.46696,-2.90266,0.992916,-0.262124,0
0.033867,-51.776,140.837,-158.003,61.2804,-2.2386,-10.0797,6.90076,-2.98387,0.985957,-0.249878,0
0.034136,-58.0259,147.052,-157.465,57.343,0.775923,-11.4381,7.31149,-3.04912,0.971454,-0.234977,0
0.034405,-63.7232,152.598,-156.306,53.0755,3.87722,-12.7845,7.69574,-3.09725,0.949133,-0.217388,0
0.034674,-68.8457,157.459,-154.526,48.4923,7.05176,-14.1113,8.05012,-3.12718,0.918766,-0.197099,0
0.034943,-73.3748,161.622,-152.132,43.6095,10.2854,-15.4102,8.37132,-3.13792,0.880169,-0.174117,0
0.035211,-77.2949,165.077,-149.132,38.4446,13.5634,-16.6734,8.65612,-3.12853,0.833209,-0.148467,0
0.03548,-80.5939,167.82,-145.537,33.0169,16.8704,-17.8926,8.9014,-3.09819,0.777805,-0.120197,0
0.035749,-83.263,169.846,-141.36,27.347,20.1908,-19.0598,9.10419,-3.04619,0.713931,-0.0893767,0
0.036018,-85.2968,171.156,-136.619,21.4569,23.5083,-20.167,9.26165,-2.97192,0.641618,-0.0560954,0
0.036287,-86.6934,171.755,-131.33,15.3698,26.8067,-21.2062,9.37114,-2.87488,0.560957,-0.0204662,0
0.036555,-87.454,171.65,-125.516,9.11022,30.0691,-22.1699,9.4302,-2.75471,0.472101,0.017376,0
0.036824,-87.5833,170.849,-119.201,2.70362,33.2789,-23.0504,9.4366,-2.61119,0.375262,0.057274,0
0.037093,-87.089,169.368,-112.409,-3.82352,36.4192,-23.8404,9.38835,-2.44423,0.27072,0.0990487,0
0.037362,-85.9822,167.222,-105.169,-10.4439,39.473,-24.533,9.28369,-2.25387,0.158816,0.142499,0
0.037631,-84.277,164.43,-97.5096,-17.1296,42.4238,-25.1215,9.12116,-2.04033,0.0399555,0.187402,0
0.037899,-81.9904,161.014,-89.4637,-23.852,45.255,-25.5996,8.89957,-1.80397,-0.0853912,0.233516,0
0.038168,-79.1423,156.999,-81.064,-30.582,47.9502,-25.9616,8.61804,-1.54528,-0.216691,0.280578,0
0.038437,-75.7552,152.412,-72.3453,-37.2903,50.4937,-26.2021,8.27602,-1.26496,-0.353349,0.328306,0
0.038706,-71.8543,147.283,-63.344,-43.9474,52.87,-26.3162,7.87327,-0.963824,-0.494709,0.3764,0
0.038975,-67.4673,141.642,-54.0973,-50.5237,55.0642,-26.2995,7.4099,-0.642864,-0.640058,0.424546,0
0.039243,-62.6239,135.524,-44.6436,-56.9896,57.0619,-26.1485,6.88637,-0.303226,-0.788623,0.472412,0
0.039512,-57.356,128.965,-35.0223,-63.316,58.8497,-25.8599,6.30348,0.0537843,-0.939583,0.519654,0
0.039781,-51.6975,122,-25.2733,-69.474,60.4147,-25.4312,5.66241,0.426711,-1.09206,0.565918,0
0.04005,-45.6839,114.669,-15.437,-75.4351,61.7449,-24.8608,4.9647,0.813948,-1.24514,0.610839,0
0.040319,-39.3521,107.012,-5.55404,-81.1717,62.8294,-24.1473,4.21225,1.21374,-1.39786,0.654043,0
0.040587,-32.7405,99.0688,4.33466,-86.6568,63.6579,-23.2905,3.40732,1.62421,-1.54922,0.695152,0
0.040856,-25.8885,90.882,14.1884,-91.8643,64.2216,-22.2906,2.55255,2.04331,-1.69819,0.733787,0
0.041125,-18.8364,82.4936,23.9666,-96.7692,64.5126,-21.1488,1.65092,2.46892,-1.84371,0.769565,0
0.041394,-11.6252,73.9464,33.6293,-101.348,64.5241,-19.8668,0.705753,2.89877,-1.98471,0.802107,0
0.041663,-4.29621,65.2834,43.137,-105.577,64.2505,-18.4471,-0.279266,3.33048,-2.12008,0.831037,0
0.041931,3.10885,56.5474,52.4512,-109.436,63.6878,-16.8933,-1.30014,3.7616,-2.24872,0.855987,0
0.0422,10.5483,47.7813,61.5341,-112.906,62.8328,-15.2092,-2.35255,4.18959,-2.36953,0.876598,0
0.042469,17.9806,39.0274,70.3493,-115.967,61.6839,-13.3999,-3.43187,4.61181,-2.48141,0.892525,0
0.042738,25.3647,30.3275,78.8615,-118.603,60.2409,-11.4708,-4.53322,5.02562,-2.58327,0.903436,0
0.043007,32.6601,21.7223,87.0371,-120.801,58.5047,-9.42829,-5.65143,5.42827,-2.67403,0.909019,0
0.043275,39.8271,13.252,94.844,-122.546,56.478,-7.27943,-6.7811,5.81703,-2.75266,0.908982,0
0.043544,46.827,4.95514,102.252,-123.828,54.1645,-5.03194,-7.9166,6.18913,-2.81814,0.903056,0
0.043813,53.6222,-3.13084,109.232,-124.638,51.5694,-2.69419,-9.05212,6.54181,-2.8695,0.890998,0
0.044082,60.1767,-10.9701,115.758,-124.969,48.6994,-0.275207,-10.1817,6.87233,-2.90581,0.872595,0
0.044351,66.4558,-18.5285,121.805,-124.817,45.5625,2.21538,-11.2992,7.17797,-2.92622,0.847663,0
0.044619,72.4266,-25.7737,127.352,-124.177,42.1679,4.76737,-12.3984,7.45608,-2.92992,0.816053,0
0.044888,78.058,-32.6754,132.379,-123.05,38.5264,7.37006,-13.4729,7.70405,-2.91616,0.777652,0
0.045157,83.3211,-39.2054,136.868,-121.437,34.6498,10.0122,-14.5165,7.91938,-2.88431,0.732384,0
0.045426,88.1887,-45.3376,140.803,-119.342,30.5513,12.6823,-15.5228,8.09965,-2.83377,0.680213,0
0.045695,92.6364,-51.0483,144.174,-116.77,26.2452,15.3682,-16.4854,8.24257,-2.76407,0.621145,0
0.045963,96.6417,-56.3164,146.969,-113.729,21.7472,18.0576,-17.3979,8.34597,-2.67481,0.555229,0
0.046232,100.185,-61.123,149.182,-110.228,17.0736,20.7379,-18.2543,8.40785,-2.56571,0.482558,0
0.046501,103.248,-65.452,150.808,-106.28,12.2422,23.3962,-19.0485,8.42635,-2.4366,0.403272,0
0.04677,105.817,-69.2898,151.844,-101.899,7.27146,26.0196,-19.7744,8.3998,-2.28738,0.317556,0
0.047039,107.879,-72.6255,152.291,-97.0993,2.18078,28.5949,-20.4263,8.32673,-2.11813,0.225644,0
0.047307,109.426,-75.4509,152.153,-91.8996,-3.00964,31.109,-20.9988,8.20588,-1.92899,0.127817,0
0.047576,110.45,-77.7604,151.435,-86.3191,-8.2789,33.5488,-21.4866,8.0362,-1.72025,0.0244015,0
0.047845,110.947,-79.5513,150.145,-80.3788,-13.6055,35.9013,-21.8848,7.81688,-1.49233,-0.084225,0
0.048114,110.916,-80.8233,148.294,-74.1015,-18.9674,38.1535,-22.1886,7.54735,-1.24576,-0.19764,0
0.048383,110.358,-81.5791,145.895,-67.5114,-24.3422,40.2929,-22.3939,7.22731,-0.981218,-0.315374,0
0.048651,109.278,-81.8238,142.964,-60.6341,-29.707,42.3071,-22.4967,6.8567,-0.699484,-0.436912,0
0.04892,107.682,-81.5651,139.517,-53.4966,-35.0389,44.1842,-22.4936,6.43574,-0.401484,-0.561697,0
0.049189,105.58,-80.8131,135.576,-46.127,-40.3148,45.9124,-22.3815,5.96495,-0.0882668,-0.689127,0
0.049458,102.983,-79.5806,131.161,-38.5545,-45.5115,47.4807,-22.1579,5.4451,0.238995,-0.818562,0
0.049727,99.906,-77.8824,126.297,-30.8091,-50.606,48.8786,-21.8208,4.87728,0.579007,-0.949325,0
0.049995,96.365,-75.7358,121.01,-22.9218,-55.5754,50.096,-21.3685,4.26283,0.930354,-1.0807,0
0.050264,92.3791,-73.1601,115.325,-14.924,-60.3972,51.1236,-20.8001,3.60341,1.29151,-1.21194,0
0.050533,87.9691,-70.1766,109.274,-6.84792,-65.0493,51.9528,-20.1152,2.90096,1.66083,-1.34228,0
0.050802,83.1581,-66.8085,102.884,1.2741,-69.5099,52.5759,-19.3137,2.15771,2.03658,-1.47091,0
0.051071,77.9709,-63.0807,96.1888,9.40936,-73.7582,52.9856,-18.3964,1.37616,2.41691,-1.59701,0
0.051339,72.4341,-59.0199,89.22,17.5251,-77.7739,53.176,-17.3646,0.559095,2.79989,-1.71974,0
0.051608,66.5757,-54.6538,82.0111,25.5887,-81.5373,53.1416,-16.2201,-0.290422,3.18351,-1.83824,0
0.051877,60.4253,-50.0119,74.5964,33.5677,-85.03,52.8781,-14.9654,-1.16908,3.56569,-1.95166,0
0.052146,54.0137,-45.1245,67.0108,41.4299,-88.2344,52.3823,-13.6035,-2.07332,3.94426,-2.05912,0
0.052415,47.3729,-40.023,59.2895,49.1437,-91.134,51.6517,-12.1381,-2.99933,4.31702,-2.15977,0
0.052683,40.5357,-34.7394,51.468,56.6781,-93.7134,50.6849,-10.5733,-3.94309,4.68172,-2.25273,0
0.052952,33.5358,-29.3066,43.5819,64.0029,-95.9586,49.4818,-8.91412,-4.90035,5.03607,-2.33716,0
0.053221,26.4072,-23.7577,35.6668,71.0888,-97.8569,48.0431,-7.16581,-5.8667,5.37777,-2.41221,0
0.05349,19.1846,-18.1262,27.7579,77.9075,-99.3968,46.3707,-5.33432,-6.83753,5.7045,-2.47709,0
0.053759,11.9028,-12.4456,19.8902,84.432,-100.568,44.4675,-3.42614,-7.80808,6.01394,-2.53099,0
0.054027,4.59666,-6.74946,12.098,90.6363,-101.363,42.3376,-1.44826,-8.77346,6.3038,-2.57316,0
0.054296,-2.69909,-1.07096,4.41493,96.4962,-101.775,39.9862,0.591859,-9.72866,6.5718,-2.60289,0
0.054565,-9.95002,4.5571,-3.12636,101.989,-101.797,37.4193,2.68626,-10.6686,6.81571,-2.61949,0
0.054834,-17.1222,10.1025,-10.4941,107.092,-101.427,34.6444,4.82657,-11.5881,7.03337,-2.62233,0
0.055103,-24.1823,15.5338,-17.6578,111.787,-100.663,31.6696,7.00401,-12.482,7.22265,-2.61085,0
0.055371,-31.0977,20.8204,-24.5882,116.056,-99.5032,28.5044,9.20942,-13.345,7.38155,-2.58452,0
0.05564,-37.8371,25.9328,-31.2574,119.883,-97.9502,25.1591,11.4333,-14.1719,7.50813,-2.54288,0
0.055909,-44.3699,30.8427,-37.6392,123.253,-96.0068,21.645,13.6659,-14.9576,7.60056,-2.48554,0
0.056178,-50.6669,35.5231,-43.709,126.155,-93.6775,17.9742,15.8973,-15.697,7.65715,-2.4122,0
0.056447,-56.7004,39.9485,-49.444,128.579,-90.9688,14.1598,18.117,-16.3851,7.67633,-2.32261,0
0.056715,-62.4441,44.095,-54.823,130.516,-87.8888,10.2157,20.3149,-17.0169,7.65668,-2.21662,0
0.056984,-67.8734,47.9403,-59.8272,131.96,-84.447,6.15663,22.4802,-17.5878,7.59694,-2.09413,0
0.057253,-72.9654,51.4639,-64.4393,132.909,-80.6547,1.99791,24.6026,-18.0931,7.49602,-1.95517,0
0.057522,-77.6992,54.6474,-68.6445,133.36,-76.5248,-2.24442,26.6713,-18.5285,7.353,-1.79984,0
0.057791,-82.0557,57.474,-72.4299,133.313,-72.0715,-6.55373,28.6757,-18.8898,7.16717,-1.62832,0
0.058059,-86.0178,59.9293,-75.7848,132.772,-67.3106,-10.9129,30.6055,-19.1732,6.93801,-1.44091,0
0.058328,-89.5707,62.0007,-78.7007,131.741,-62.2593,-15.3043,32.4502,-19.3751,6.66519,-1.23799,0
0.058597,-92.7014,63.6779,-81.1715,130.226,-56.9359,-19.71,34.1997,-19.4922,6.34862,-1.02003,0
0.058866,-95.3996,64.9529,-83.193,128.238,-51.3601,-24.1117,35.844,-19.5214,5.98843,-0.787616,0
0.059135,-97.6567,65.8196,-84.7635,125.786,-45.5529,-28.4909,37.3735,-19.4603,5.58497,-0.541421,0
0.059403,-99.4668,66.2743,-85.8835,122.883,-39.536,-32.829,38.7788,-19.3064,5.13883,-0.282216,0
0.059672,-100.826,66.3156,-86.5554,119.544,-33.3325,-37.1073,40.0511,-19.0581,4.65084,-0.0108698,0
0.059941,-101.733,65.9441,-86.7842,115.785,-26.966,-41.3073,41.1818,-18.7139,4.12204,0.271655,0
0.06021,-102.188,65.1628,-86.5767,111.625,-20.4612,-45.4102,42.1629,-18.2726,3.55375,0.564303,0
0.060479,-102.194,63.9768,-85.9418,107.083,-13.8433,-49.3978,42.9869,-17.7338,2.94752,0.865927,0
0.060747,-101.757,62.3931,-84.8906,102.181,-7.13808,-53.2519,43.647,-17.0974,2.30511,1.1753,0
0.061016,-100.883,60.4212,-83.4359,96.9405,-0.371789,-56.955,44.1367,-16.3636,1.62857,1.49109,0
0.061285,-99.5827,58.0723,-81.5925,91.3867,6.42895,-60.4896,44.4505,-15.5334,0.920124,1.81192,0
0.061554,-97.8669,55.3596,-79.3767,85.5445,13.2373,-63.839,44.5833,-14.6079,0.182271,2.13631,0
0.061823,-95.749,52.2981,-76.8069,79.4402,20.0263,-66.9872,44.531,-13.5891,-0.582292,2.46273,0
0.062091,-93.2445,48.9048,-73.9025,73.1012,26.769,-69.9186,44.29,-12.4791,-1.37065,2.78957,0
0.06236,-90.3703,45.1979,-70.6848,66.5555,33.4386,-72.6185,43.8576,-11.2807,-2.17967,3.11517,0
0.062629,-87.1454,41.1977,-67.1762,59.8319,40.0086,-75.073,43.232,-9.99713,-3.00605,3.43783,0
0.062898,-83.5899,36.9256,-63.4004,52.96,46.4525,-77.2692,42.412,-8.63216,-3.84629,3.7558,0
0.063167,-79.7256,32.4043,-59.3819,45.9695,52.7448,-79.195,41.3974,-7.18995,-4.6967,4.0673,0
0.063435,-75.5758,27.658,-55.1465,38.8906,58.8603,-80.8395,40.1889,-5.67514,-5.55347,4.3705,0
0.063704,-71.1647,22.7116,-50.7206,31.7535,64.7743,-82.1926,38.788,-4.09285,-6.41262,4.66358,0
0.063973,-66.5178,17.5911,-46.1312,24.5884,70.4634,-83.2457,37.197,-2.44859,-7.27007,4.9447,0
0.064242,-61.6612,12.3234,-41.4059,17.4257,75.9046,-83.9911,35.4193,-0.748313,-8.12159,5.21203,0
0.064511,-56.6223,6.93579,-36.5726,10.2952,81.0762,-84.4225,33.4589,1.00163,-8.9629,5.46372,0
0.064779,-51.4286,1.45627,-31.6596,3.22642,85.9576,-84.5348,31.3209,2.79453,-9.78963,5.69798,0
0.065048,-46.1084,-4.08691,-26.695,-3.75165,90.5292,-84.3241,29.0111,4.62331,-10.5974,5.91301,0
0.065317,-40.6904,-9.66526,-21.7071,-10.6106,94.7729,-83.7879,26.5362,6.48058,-11.3816,6.10707,0
0.065586,-35.2033,-15.2503,-16.7238,-17.323,98.6717,-82.9252,23.9039,8.35865,-12.138,6.27847,0
0.065855,-29.676,-20.8134,-11.7727,-23.8621,102.21,-81.7361,21.1225,10.2496,-12.862,6.42557,0
0.066123,-24.1371,-26.3266,-6.88107,-30.2022,105.375,-80.2223,18.2011,12.1452,-13.5493,6.5468,0
0.066392,-18.6153,-31.7619,-2.07535,-36.3189,108.153,-78.3867,15.1497,14.037,-14.1954,6.64067,0
0.066661,-13.1385,-37.092,2.61867,-42.1888,110.533,-76.2336,11.9787,15.9166,-14.796,6.70578,0
0.06693,-7.7343,-42.2903,7.17608,-47.79,112.508,-73.7687,8.69964,17.7752,-15.3471,6.74081,0
0.067199,-2.42969,-47.3309,11.573,-53.1019,114.068,-70.9991,5.32431,19.6041,-15.8445,6.74459,0
0.067467,2.74929,-52.1888,15.7865,-58.1055,115.209,-67.9332,1.86528,21.3945,-16.2844,6.71602,0
0.067736,7.77745,-56.8401,19.7952,-62.7834,115.927,-64.5806,-1.66438,23.1374,-16.6629,6.65415,0
0.068005,12.6307,-61.2621,23.5786,-67.1197,116.219,-60.9523,-5.2511,24.8242,-16.9766,6.55815,0
0.068274,17.286,-65.4331,27.1179,-71.1003,116.085,-57.0604,-8.88087,26.4462,-17.2221,6.42735,0
0.068543,21.7218,-69.3332,30.3957,-74.713,115.527,-52.9182,-12.5393,27.9946,-17.3964,6.26122,0
0.068811,25.9178,-72.9435,33.3963,-77.9472,114.548,-48.5403,-16.2116,29.461,-17.4965,6.05937,0
0.06908,29.855,-76.247,36.1053,-80.7942,113.152,-43.9421,-19.8829,30.8373,-17.52,5.8216,0
0.069349,33.5162,-79.2282,38.5103,-83.2471,111.346,-39.1402,-23.5379,32.1153,-17.4645,5.54786,0
0.069618,36.8857,-81.8731,40.6006,-85.3011,109.139,-34.1522,-27.1614,33.2873,-17.3281,5.23827,0
0.069887,39.9496,-84.1698,42.3672,-86.9532,106.54,-28.9964,-30.7379,34.346,-17.1091,4.89313,0
0.070155,42.6956,-86.1079,43.8029,-88.2021,103.562,-23.692,-34.252,35.2842,-16.8064,4.51294,0
0.070424,45.1134,-87.6791,44.9025,-89.0486,100.217,-18.259,-37.6884,36.0953,-16.4189,4.09835,0
0.070693,47.1943,-88.8767,45.6625,-89.4953,96.5197,-12.7178,-41.0318,36.7731,-15.9462,3.65022,0
0.070962,48.9317,-89.6962,46.0812,-89.5465,92.4865,-7.0896,-44.2673,37.3118,-15.388,3.16959,0
0.071231,50.3207,-90.1347,46.159,-89.2086,88.1348,-1.39599,-47.3801,37.7063,-14.7446,2.65768,0
0.071499,51.3585,-90.1915,45.898,-88.4895,83.4832,4.34107,-50.3559,37.9518,-14.0166,2.11589,0
0.071768,52.0439,-89.8675,45.302,-87.3988,78.5516,10.0993,-53.1806,38.0441,-13.2051,1.54583,0
0.072037,52.3779,-89.1658,44.3767,-85.9477,73.361,15.8564,-55.8406,37.9799,-12.3114,0.949259,0
0.072306,52.3632,-88.0911,43.1295,-84.1493,67.9333,21.5896,-58.323,37.7562,-11.3376,0.328135,0
0.072575,52.0043,-86.6501,41.5696,-82.0178,62.2915,27.2765,-60.6154,37.3706,-10.2858,-0.315419,0
0.072843,51.3076,-84.8512,39.7076,-79.5691,56.4592,32.8946,-62.7059,36.8218,-9.15873,-0.979114,0
0.073112,50.2812,-82.7044,37.5558,-76.8201,50.4608,38.4216,-64.5837,36.1088,-7.95955,-1.66049,0
0.073381,48.935,-80.2217,35.1281,-73.7892,44.3213,43.8356,-66.2383,35.2313,-6.69174,-2.35696,0
0.07365,47.2802,-77.4164,32.4394,-70.4959,38.066,49.115,-67.6603,34.19,-5.35922,-3.06575,0
0.073919,45.3301,-74.3033,29.5064,-66.9605,31.7207,54.2386,-68.8412,32.9862,-3.96628,-3.78399,0
0.074187,43.0989,-70.8988,26.3467,-63.2046,25.3114,59.186,-69.7733,31.6217,-2.51761,-4.50866,0
0.074456,40.6025,-67.2206,22.9791,-59.2503,18.8644,63.9371,-70.4498,30.0994,-1.01824,-5.23663,0
0.074725,37.8581,-63.2876,19.4235,-55.1204,12.4057,68.4729,-70.865,28.4227,0.526433,-5.96467,0
0.074994,34.884,-59.1197,15.7005,-50.8385,5.96135,72.7751,-71.0144,26.5958,2.11068,-6.68947,0
0.075263,31.6997,-54.738,11.8316,-46.4284,-0.442757,76.8261,-70.8941,24.6237,3.72848,-7.40761,0
0.075531,28.3255,-50.1646,7.83916,-41.9143,-6.78116,80.6096,-70.5017,22.5119,5.3735,-8.11563,0
0.0758,24.7827,-45.4222,3.74579,-37.3208,-13.0288,84.1103,-69.8358,20.2669,7.03914,-8.81003,0
0.076069,21.0933,-40.5341,-0.425294,-32.6723,-19.1612,87.3137,-68.896,17.8955,8.71857,-9.48725,0
0.076338,17.2799,-35.5245,-4.65062,-27.9933,-25.1545,90.207,-67.6832,15.4056,10.4047,-10.1437,0
0.076607,13.3657,-30.4176,-8.90652,-23.3083,-30.9856,92.7781,-66.1992,12.8054,12.0904,-10.7759,0
0.076875,9.37413,-25.2383,-13.1693,-18.6412,-36.6324,95.0167,-64.4473,10.1038,13.7681,-11.3802,0
0.077144,5.32901,-20.0115,-17.4152,-14.0157,-42.0735,96.9136,-62.4316,7.31041,15.4304,-11.9532,0
0.077413,1.25419,-14.762,-21.6207,-9.45517,-47.2887,98.4608,-60.1574,4.43515,17.0697,-12.4912,0
0.077682,-2.82645,-9.51467,-25.7628,-4.98204,-52.259,99.6522,-57.6314,1.48862,18.6781,-12.991,0
0.077951,-6.88918,-4.29426,-29.8186,-0.618193,-56.9665,100.483,-54.861,-1.51815,20.2481,-13.4492,0
0.078219,-10.9105,0.874942,-33.766,3.61531,-61.3945,100.949,-51.8548,-4.57373,21.7718,-13.8626,0
0.078488,-14.8673,5.96907,-37.5833,7.69836,-65.5278,101.048,-48.6226,-7.66627,23.2416,-14.2281,0
0.078757,-18.737,10.9648,-41.2497,11.6118,-69.3526,100.781,-45.1751,-10.7836,24.6498,-14.5426,0
0.079026,-22.4976,15.8395,-44.7453,15.3377,-72.8564,100.149,-41.5239,-13.9133,25.989,-14.8035,0
0.079295,-26.1277,20.5713,-48.0511,18.8591,-76.0283,99.1526,-37.6816,-17.0426,27.2518,-15.0079,0
0.079563,-29.607,25.1394,-51.1491,22.1605,-78.8591,97.7972,-33.6616,-20.1588,28.431,-15.1535,0
0.079832,-32.916,29.5236,-54.0225,25.2277,-81.3409,96.0881,-29.4783,-23.2487,29.5197,-15.2379,0
0.080101,-36.036,33.7052,-56.6559,28.0476,-83.4676,94.032,-25.1468,-26.2992,30.5111,-15.2592,0
0.08037,-38.9498,37.6665,-59.0348,30.6088,-85.2346,91.6374,-20.6828,-29.2974,31.3989,-15.2154,0
0.080639,-41.6412,41.3911,-61.1464,32.9013,-86.639,88.9138,-16.1028,-32.2301,32.1768,-15.1051,0
0.080907,-44.0954,44.8637,-62.9791,34.9168,-87.6795,85.8725,-11.4238,-35.0844,32.8392,-14.9268,0
0.081176,-46.2987,48.0707,-64.5229,36.6481,-88.3565,82.5256,-6.66334,-37.8474,33.3807,-14.6795,0
0.081445,-48.239,51,-65.7694,38.09,-88.6718,78.8867,-1.83943,-40.5065,33.7964,-14.3624,0
0.081714,-49.9058,53.6406,-66.7114,39.2387,-88.629,74.9705,3.02957,-43.0494,34.0818,-13.975,0
0.081983,-51.2899,55.9834,-67.3438,40.0919,-88.2332,70.793,7.92499,-45.4641,34.2328,-13.5172,0
0.082251,-52.3836,58.0208,-67.6626,40.649,-87.491,66.3709,12.8279,-47.7389,34.2459,-12.989,0
0.08252,-53.1811,59.7468,-67.6658,40.911,-86.4104,61.7221,17.7194,-49.8627,34.1182,-12.3908,0
0.082789,-53.6779,61.157,-67.3527,40.8805,-85.0011,56.8654,22.5803,-51.8248,33.8473,-11.7234,0
0.083058,-53.8712,62.2486,-66.7245,40.5613,-83.2739,51.8203,27.3916,-53.6148,33.4312,-10.9879,0
0.083327,-53.7599,63.0207,-65.7837,39.959,-81.241,46.607,32.1342,-55.2234,32.8687,-10.1856,0
0.083595,-53.3446,63.4736,-64.5347,39.0807,-78.9159,41.2465,36.7894,-56.6415,32.1591,-9.31816,0
0.083864,-52.6273,63.6096,-62.9832,37.9348,-76.3134,35.7602,41.3387,-57.8609,31.3024,-8.3877,0
0.084133,-51.6116,63.4324,-61.1364,36.5309,-73.449,30.1699,45.7639,-58.8741,30.2992,-7.39653,0
0.084402,-50.3029,62.9473,-59.0032,34.8801,-70.3397,24.498,50.0472,-59.6743,29.1507,-6.34733,0
0.084671,-48.7079,62.1612,-56.5937,32.9947,-67.0031,18.7669,54.1713,-60.2556,27.8588,-5.24308,0
0.084939,-46.8349,61.0822,-53.9194,30.8882,-63.4577,12.9993,58.1195,-60.6128,26.426,-4.08707,0
0.085208,-44.6936,59.7203,-50.9932,28.575,-59.7229,7.21794,61.8758,-60.7417,24.8555,-2.88289,0
0.085477,-42.295,58.0863,-47.8291,26.0706,-55.8186,1.44548,65.4249,-60.6391,23.151,-1.63444,0
0.085746,-39.6515,56.1928,-44.4423,23.3914,-51.7654,-4.2955,68.752,-60.3024,21.3171,-0.345856,0
0.086015,-36.7768,54.0533,-40.8489,20.5547,-47.5841,-9.98269,71.8436,-59.7302,19.3589,0.978411,0
0.086283,-33.6855,51.6825,-37.0663,17.5784,-43.296,-15.5941,74.6868,-58.922,17.282,2.33368,0
0.086552,-30.3936,49.0963,-33.1125,14.4811,-38.9227,-21.1081,77.2698,-57.8782,15.0929,3.71503,0
0.086821,-26.9179,46.3113,-29.0063,11.2818,-34.486,-26.5036,79.5816,-56.6003,12.7983,5.11731,0
0.08709,-23.2761,43.3451,-24.7674,8.00011,-30.0074,-31.7602,81.6126,-55.0908,10.4057,6.53516,0
0.087359,-19.4867,40.2163,-20.4159,4.6558,-25.5088,-36.8581,83.354,-53.353,7.92332,7.96305,0
0.087627,-15.569,36.9437,-15.9723,1.26893,-21.0114,-41.7783,84.7984,-51.3913,5.35952,9.39527,0
0.087896,-11.5427,33.547,-11.4578,-2.14036,-16.5367,-46.5026,85.9394,-49.211,2.72339,10.826,0
0.088165,-7.42831,30.0464,-6.89356,-5.55192,-12.1053,-51.0137,86.7718,-46.8185,0.0244137,12.2492,0
0.088434,-3.24639,26.4622,-2.30099,-8.9457,-7.73778,-55.2955,87.2918,-44.221,-2.72748,13.6588,0
0.088703,0.982077,22.8151,2.29844,-12.3019,-3.45385,-59.3327,87.4968,-41.4266,-5.52199,15.0487,0
0.088971,5.23595,19.1259,6.88331,-15.6009,0.72728,-63.1112,87.3853,-38.4444,-8.34846,16.4127,0
0.08924,9.49404,15.4155,11.4324,-18.8236,4.78718,-66.6182,86.9573,-35.2843,-11.1959,17.7446,0
0.089509,13.7352,11.7046,15.9247,-21.9515,8.70822,-69.8421,86.214,-31.957,-14.0531,19.0381,0
0.089778,17.9386,8.01371,20.3397,-24.9665,12.4737,-72.7723,85.1578,-28.474,-16.9085,20.2871,0
0.090047,22.0833,4.36315,24.6572,-27.8512,16.0678,-75.3999,83.7925,-24.8475,-19.7506,21.4853,0
0.090315,26.1492,0.77274,28.8577,-30.5891,19.4759,-77.7172,82.123,-21.0905,-22.5675,22.6269,0
0.090584,30.1165,-2.73815,32.9224,-33.1644,22.6842,-79.7176,80.1556,-17.2165,-25.3475,23.7057,0
0.090853,33.9657,-6.15076,36.8331,-35.5625,25.6805,-81.3964,77.8977,-13.2398,-28.0785,24.716,0
0.091122,37.6785,-9.44704,40.5726,-37.7696,28.4533,-82.7499,75.3579,-9.17506,-30.7487,25.6522,0
0.091391,41.2368,-12.6097,44.1245,-39.7729,30.9927,-83.7759,72.546,-5.03746,-33.3463,26.5088,0
0.091659,44.6239,-15.6223,47.4737,-41.5609,33.2899,-84.4737,69.4727,-0.842627,-35.8596,27.2805,0
0.091928,47.8237,-18.4695,50.6057,-43.1231,35.3375,-84.844,66.15,3.39346,-38.277,27.9625,0
0.092197,50.8212,-21.1367,53.5075,-44.4505,37.1296,-84.8889,62.5909,7.65452,-40.5873,28.5499,0
0.092466,53.6024,-23.6106,56.1673,-45.5352,38.6612,-84.6117,58.8091,11.9241,-42.7795,29.0383,0
0.092735,56.1546,-25.8789,58.5743,-46.3705,39.9292,-84.0172,54.8195,16.1855,-44.8428,29.4237,0
0.093003,58.4662,-27.9308,60.7193,-46.9513,40.9315,-83.1116,50.6376,20.422,-46.7668,29.7023,0
0.093272,60.527,-29.7565,62.5943,-47.2737,41.6676,-81.9023,46.2798,24.6168,-48.5417,29.8706,0
0.093541,62.3278,-31.3474,64.1925,-47.3352,42.1382,-80.3979,41.763,28.7532,-50.1581,29.9258,0
0.09381,63.8612,-32.6966,65.5088,-47.1345,42.3455,-78.6082,37.1051,32.8147,-51.6069,29.8651,0
0.094079,65.1208,-33.7982,66.5394,-46.6721,42.2929,-76.5442,32.3242,36.7849,-52.8798,29.6863,0
0.094347,66.1017,-34.648,67.2818,-45.9494,41.9851,-74.2179,27.4389,40.6476,-53.969,29.3879,0
0.094616,66.8005,-35.2428,67.7351,-44.9695,41.4281,-71.6426,22.4684,44.387,-54.8675,28.9684,0
0.094885,67.2151,-35.5813,67.8997,-43.7367,40.6292,-68.8321,17.4321,47.9878,-55.5688,28.427,0
0.095154,67.3451,-35.6631,67.7775,-42.2565,39.5968,-65.8016,12.3495,51.435,-56.0671,27.7635,0
0.095423,67.1911,-35.4896,67.3717,-40.5359,38.3403,-62.5666,7.24039,54.7142,-56.3575,26.978,0
0.095691,66.7556,-35.0634,66.687,-38.583,36.8704,-59.1437,2.12458,57.8117,-56.4358,26.071,0
0.09596,66.042,-34.3884,65.7293,-36.407,35.1986,-55.55,-2.97815,60.7143,-56.2986,25.0439,0
0.096229,65.0554,-33.47,64.5058,-34.0183,33.3375,-51.8033,-8.04813,63.4096,-55.9433,23.8982,0
0.096498,63.8021,-32.3147,63.0251,-31.4286,31.3003,-47.9218,-13.0659,65.886,-55.3684,22.6362,0
0.096767,62.2898,-30.9303,61.2968,-28.6503,29.1013,-43.924,-18.0123,68.1326,-54.5729,21.2604,0
0.097035,60.5274,-29.326,59.3318,-25.6968,26.7554,-39.8288,-22.8684,70.1397,-53.5569,19.7742,0
0.097304,58.5248,-27.5118,57.142,-22.5826,24.278,-35.6555,-27.6158,71.8981,-52.3215,18.1812,0
0.097573,56.2932,-25.499,54.7403,-19.3226,21.6852,-31.4232,-32.2368,73.3998,-50.8684,16.4856,0
0.097842,53.8451,-23.3,52.1406,-15.9328,18.9934,-27.1513,-36.7139,74.6378,-49.2006,14.692,0
0.098111,51.1935,-20.9278,49.3576,-12.4297,16.2196,-22.8591,-41.0306,75.6061,-47.3215,12.8057,0
0.098379,48.3527,-18.3967,46.4068,-8.83017,13.381,-18.5656,-45.1709,76.2997,-45.2359,10.8322,0
0.098648,45.3377,-15.7215,43.3046,-5.15176,10.4947,-14.2899,-49.1198,76.715,-42.9493,8.77762,0
0.098917,42.1644,-12.9178,40.0676,-1.41232,7.57841,-10.0505,-52.863,76.849,-40.468,6.64842,0
0.099186,38.8491,-10.0018,36.7132,2.37005,4.64942,-5.86562,-56.3871,76.7004,-37.7991,4.4515,0
0.099455,35.409,-6.99025,33.2593,6.17705,1.72516,-1.75303,-59.68,76.2686,-34.9509,2.19415,0
0.099723,31.8616,-3.90037,29.7239,9.99029,-1.17716,2.27007,-62.7301,75.5543,-31.9323,-0.115983,0
0.099992,28.225,-0.749686,26.1254,13.7914,-4.0406,6.18712,-65.5272,74.5594,-28.7528,-2.47091,0
0.100261,24.5173,2.44401,22.4823,17.562,-6.84853,9.98222,-68.0623,73.287,-25.4229,-4.86233,0
0.10053,20.7571,5.66275,18.8132,21.2842,-9.58476,13.6403,-70.3272,71.7411,-21.9539,-7.28167,0
0.100799,16.9631,8.88851,15.1366,24.9399,-12.2336,17.147,-72.3151,69.927,-18.3576,-9.7201,0
0.101067,13.1538,12.1033,11.4709,28.5119,-14.7799,20.489,-74.0205,67.8512,-14.6465,-12.1686,0
0.101336,9.34785,15.2893,7.83421,31.9831,-17.2093,23.6537,-75.4387,65.5211,-10.8337,-14.6178,0
0.101605,5.56366,18.4287,4.24446,35.3369,-19.5081,26.6299,-76.5666,62.9451,-6.93293,-17.0585,0
0.101874,1.81938,21.5044,0.719038,38.5577,-21.6632,29.4069,-77.4023,60.1329,-2.95828,-19.481,0
0.102143,-1.86719,24.4993,-2.7251,41.6301,-23.6626,31.9755,-77.945,57.0949,1.07559,-21.8759,0
0.102411,-5.47868,27.3969,-6.0716,44.5399,-25.4952,34.3274,-78.1952,53.8426,5.15367,-24.2334,0
0.10268,-8.99827,30.1814,-9.30473,47.2735,-27.1506,36.4555,-78.1547,50.3884,9.26063,-26.544,0
0.102949,-12.4097,32.8376,-12.4095,49.8181,-28.6198,38.354,-77.8262,46.7454,13.3808,-28.7981,0
0.103218,-15.6975,35.3509,-15.3718,52.1622,-29.8946,40.0179,-77.2141,42.9277,17.4984,-30.9861,0
0.103487,-18.8468,37.7076,-18.1782,54.295,-30.9679,41.4439,-76.3235,38.9499,21.5975,-33.0986,0
0.103755,-21.8437,39.8948,-20.8165,56.207,-31.8337,42.6294,-75.1609,34.8275,25.6618,-35.1264,0
0.104024,-24.6751,41.9007,-23.2751,57.8895,-32.4873,43.5733,-73.7338,30.5766,29.6755,-37.0604,0
0.104293,-27.3289,43.7143,-25.5438,59.3353,-32.925,44.2757,-72.0508,26.2135,33.6223,-38.8917,0
0.104562,-29.7942,45.3258,-27.6132,60.5381,-33.1443,44.7377,-70.1215,21.7554,37.4864,-40.6118,0
0.104831,-32.0608,46.7262,-29.4753,61.4929,-33.144,44.9617,-67.9565,17.2197,41.252,-42.2124,0
0.105099,-34.1198,47.9079,-31.1231,62.1959,-32.9239,44.9512,-65.5672,12.6242,44.9035,-43.6857,0
0.105368,-35.9636,48.8645,-32.5506,62.6447,-32.4851,44.7108,-62.9661,7.98676,48.4258,-45.024,0
0.105637,-37.5855,49.5905,-33.7535,62.8378,-31.8298,44.2462,-60.1662,3.32569,51.8041,-46.2202,0
0.105906,-38.9801,50.0819,-34.7282,62.7753,-30.9614,43.5641,-57.1814,-1.34076,55.0239,-47.2677,0
0.106175,-40.1433,50.3358,-35.4726,62.4582,-29.8843,42.6722,-54.0263,-5.99428,58.0713,-48.1602,0
0.106443,-41.0722,50.3504,-35.9858,61.8891,-28.6043,41.5792,-50.716,-10.6166,60.933,-48.8921,0
0.106712,-41.7652,50.1255,-36.2682,61.0713,-27.1278,40.2946,-47.2662,-15.1897,63.5963,-49.4583,0
0.106981,-42.2217,49.6618,-36.3212,60.0098,-25.4627,38.8289,-43.6929,-19.6955,66.0492,-49.8541,0
0.10725,-42.4426,48.9614,-36.1477,58.7105,-23.6175,37.1932,-40.0126,-24.1165,68.2803,-50.0755,0
0.107519,-42.4299,48.0276,-35.7514,57.1804,-21.6018,35.3994,-36.2422,-28.4354,70.2792,-50.1193,0
0.107787,-42.1869,46.8647,-35.1375,55.4275,-19.426,33.4602,-32.3986,-32.6354,72.0361,-49.9826,0
0.108056,-41.7179,45.4785,-34.3121,53.4612,-17.1015,31.3885,-28.499,-36.7002,73.5422,-49.6634,0
0.108325,-41.0286,43.8756,-33.2825,51.2913,-14.6402,29.1981,-24.5604,-40.614,74.7898,-49.1602,0
0.108594,-40.1255,42.0639,-32.057,48.9291,-12.055,26.903,-20.6003,-44.3617,75.7718,-48.4724,0
0.108863,-39.0164,40.0522,-30.6448,46.3865,-9.359,24.5176,-16.6355,-47.929,76.4824,-47.5999,0
0.109131,-37.7101,37.8504,-29.0561,43.676,-6.56626,22.0568,-12.6831,-51.3023,76.9167,-46.5434,0
0.1094,-36.2162,35.4693,-27.302,40.8112,-3.69113,19.5355,-8.75962,-54.4687,77.0708,-45.3043,0
0.109669,-34.5453,32.9205,-25.3942,37.8062,-0.748384,16.9686,-4.88147,-57.4164,76.942,-43.8847,0
0.109938,-32.709,30.2165,-23.3453,34.6757,2.24687,14.3714,-1.06458,-60.1344,76.5286,-42.2874,0
0.110207,-30.7195,27.3705,-21.1687,31.4348,5.27927,11.759,2.67557,-62.6128,75.8301,-40.5158,0
0.110475,-28.5898,24.3964,-18.8781,28.0992,8.33327,9.14639,6.32406,-64.8425,74.8472,-38.5744,0
0.110744,-26.3333,21.3088,-16.4878,24.6849,11.3933,6.54837,9.86654,-66.8157,73.5814,-36.4678,0
0.111013,-23.9643,18.1225,-14.0127,21.2081,14.4436,3.97955,13.2893,-68.5256,72.0358,-34.2019,0
0.111282,-21.4974,14.853,-11.4679,17.6853,17.4687,1.45422,16.5795,-69.9664,70.2141,-31.7827,0
0.111551,-18.9477,11.5162,-8.86868,14.1331,20.4532,-1.01374,19.7247,-71.1337,68.1216,-29.2174,0
0.111819,-16.3305,8.12816,-6.23072,10.568,23.3818,-3.41092,22.7138,-72.0241,65.7644,-26.5133,0
0.112088,-13.6614,4.70508,-3.5697,7.00658,26.2397,-5.72439,25.5362,-72.6354,63.1497,-23.6787,0
0.112357,-10.9561,1.26338,-0.901324,3.46517,29.0123,-7.94185,28.1822,-72.9666,60.286,-20.7224,0
0.112626,-8.23053,-2.18053,1.75874,-0.040038,31.6856,-10.0516,30.6433,-73.0178,57.1826,-17.6536,0
0.112895,-5.50042,-5.61031,4.39499,-3.49318,34.246,-12.0427,32.9117,-72.7904,53.8499,-14.4821,0
0.113163,-2.78152,-9.00974,6.99213,-6.87877,36.6804,-13.9048,34.9808,-72.287,50.2992,-11.2184,0
0.113432,-0.0893394,-12.3629,9.53518,-10.1818,38.9767,-15.6286,36.845,-71.5112,46.5428,-7.87307,0
0.113701,2.56084,-15.654,12.0095,-13.3877,41.123,-17.2055,38.4997,-70.468,42.5938,-4.45746,0
0.11397,5.15408,-18.8678,14.401,-16.4825,43.1086,-18.6276,39.9413,-69.1631,38.4662,-0.9831,0
0.114239,7.67587,-21.9895,16.696,-19.4531,44.9234,-19.8881,41.1673,-67.6038,34.1748,2.53807,0
0.114507,10.1122,-25.0047,18.8814,-22.2868,46.5582,-20.9813,42.1765,-65.7981,29.7351,6.09384,0
0.114776,12.4495,-27.8999,20.9449,-24.9719,48.0046,-21.9021,42.9683,-63.7551,25.1631,9.67173,0
0.115045,14.6751,-30.6619,22.8749,-27.4974,49.2554,-22.6466,43.5435,-61.485,20.4758,13.259,0
0.115314,16.7767,-33.2784,24.6604,-29.8533,50.304,-23.2118,43.9039,-58.9987,15.6903,16.8429,0
0.115583,18.743,-35.7379,26.2915,-32.0304,51.1452,-23.5957,44.0522,-56.3083,10.8244,20.4105,0
0.115851,20.5634,-38.0299,27.7588,-34.0205,51.7745,-23.7974,43.9922,-53.4264,5.89635,23.9486,0
0.11612,22.2281,-40.1444,29.0543,-35.8165,52.1887,-23.8169,43.7286,-50.3665,0.924596,27.4443,0
0.116389,23.7284,-42.0728,30.1706,-37.4122,52.3855,-23.6553,43.2671,-47.143,-4.0721,30.8845,0
0.116658,25.0563,-43.807,31.1014,-38.8025,52.3636,-23.3145,42.6142,-43.7705,-9.07481,34.2564,0
0.116927,26.205,-45.3404,31.8415,-39.9834,52.1228,-22.7975,41.7774,-40.2645,-14.0645,37.5472,0
0.117195,27.1686,-46.6671,32.3867,-40.9518,51.6643,-22.1081,40.7649,-36.6409,-19.022,40.7441,0
0.117464,27.9422,-47.7823,32.7337,-41.7059,50.9897,-21.2513,39.5856,-32.9162,-23.9285,43.835,0
0.117733,28.5222,-48.6825,32.8806,-42.245,50.1023,-20.2327,38.2495,-29.1069,-28.7648,46.8077,0
0.118002,28.9057,-49.365,32.8263,-42.5692,49.006,-19.0589,36.7666,-25.23,-33.5125,49.6504,0
0.118271,29.0912,-49.8286,32.571,-42.68,47.7057,-17.7372,35.1482,-21.3027,-38.153,52.3518,0
0.118539,29.0781,-50.0727,32.1156,-42.5798,46.2076,-16.2757,33.4055,-17.3424,-42.6683,54.9009,0
0.118808,28.867,-50.0981,31.4626,-42.2721,44.5184,-14.6832,31.5507,-13.3662,-47.0408,57.2872,0
0.119077,28.4595,-49.9068,30.6152,-41.7614,42.6461,-12.9694,29.5961,-9.39163,-51.2533,59.5009,0
0.119346,27.8583,-49.5016,29.5776,-41.053,40.5991,-11.1442,27.5544,-5.43573,-55.2892,61.5324,0
0.119615,27.0671,-48.8865,28.3551,-40.1535,38.3871,-9.21837,25.4386,-1.51553,-59.1328,63.373,0
0.119883,26.0906,-48.0664,26.9541,-39.0702,36.0202,-7.20305,23.262,2.35224,-62.7687,65.0145,0
0.120152,24.9346,-47.0475,25.3817,-37.8113,33.5092,-5.10986,21.0378,6.15118,-66.1825,66.4493,0
0.120421,23.6058,-45.8365,23.646,-36.3857,30.8658,-2.95076,18.7794,9.86534,-69.3606,67.6707,0
0.12069,22.1116,-44.4414,21.7559,-34.8032,28.1021,-0.738045,16.5003,13.4792,-72.2904,68.6726,0
0.120959,20.4606,-42.8709,19.7211,-33.0745,25.2307,1.51576,14.2138,16.9779,-74.96,69.4496,0
0.121227,18.662,-41.1344,17.5521,-31.2105,22.2648,3.79795,11.933,20.3471,-77.3587,69.9973,0
0.121496,16.7259,-39.2424,15.26,-29.223,19.2177,6.09571,9.67095,23.5732,-79.4768,70.3118,0
0.121765,14.6629,-37.2058,12.8566,-27.1243,16.1035,8.39619,7.44033,26.6432,-81.3057,70.3904,0
0.122034,12.4845,-35.0363,10.3543,-24.927,12.9361,10.6866,5.2535,29.5452,-82.8378,70.2309,0
0.122303,10.2025,-32.7461,7.76567,-22.6444,9.7298,12.9541,3.12242,32.2679,-84.0668,69.8321,0
0.122571,7.82959,-30.3479,5.10411,-20.2898,6.49895,15.1862,1.05859,34.8009,-84.9876,69.1937,0
0.12284,5.37858,-27.8549,2.38316,-17.8769,3.25797,17.3705,-0.926991,37.135,-85.5961,68.3163,0
0.123109,2.8628,-25.2807,-0.383306,-15.4195,0.0212314,19.4949,-2.82392,39.2616,-85.8896,67.2011,0
0.123378,0.29588,-22.6393,-3.18123,-12.9317,-3.19699,21.5478,-4.62239,41.1735,-85.8667,65.8506,0
0.123647,-2.30833,-19.9445,-5.9964,-10.4274,-6.38258,23.5178,-6.31328,42.8643,-85.5271,64.2678,0
0.123915,-4.93581,-17.2108,-8.81456,-7.92053,-9.52168,25.394,-7.88816,44.3288,-84.8718,62.4568,0
0.124184,-7.57246,-14.4524,-11.6214,-5.42499,-12.6007,27.1662,-9.33936,45.5628,-83.9031,60.4225,0
0.124453,-10.2041,-11.6837,-14.4029,-2.95442,-15.6065,28.8245,-10.66,46.5634,-82.6245,58.1704,0
0.124722,-12.8168,-8.91896,-17.1449,-0.522241,-18.5262,30.3599,-11.844,47.3284,-81.0407,55.7072,0
0.124991,-15.3966,-6.17228,-19.8337,1.85846,-21.3476,31.7637,-12.8861,47.8573,-79.1577,53.0402,0
0.125259,-17.9296,-3.45758,-22.4557,4.17498,-24.059,33.0283,-13.7819,48.1503,-76.9827,50.1775,0
0.125528,-20.4026,-0.788488,-24.998,6.41505,-26.6493,34.1466,-14.5281,48.2088,-74.5239,47.1279,0
0.125797,-22.8024,1.82171,-27.4478,8.56691,-29.1078,35.1123,-15.1218,48.0355,-71.7908,43.901,0
0.126066,-25.1163,4.36016,-29.7929,10.6194,-31.425,35.92,-15.5616,47.634,-68.794,40.5071,0
0.126335,-27.3322,6.8145,-32.0217,12.5619,-33.5917,36.5649,-15.8466,47.0089,-65.545,36.957,0
0.126603,-29.4383,9.17289,-34.1232,14.3845,-35.5996,37.0434,-15.9768,46.1661,-62.0564,33.2623,0
0.126872,-31.4236,11.4241,-36.087,16.078,-37.4414,37.3525,-15.9534,45.1123,-58.3418,29.4351,0
0.127141,-33.2777,13.5576,-37.9037,17.6341,-39.1104,37.49,-15.7782,43.8553,-54.4157,25.4881,0
0.12741,-34.9909,15.5634,-39.5641,19.045,-40.601,37.4549,-15.4539,42.4037,-50.2934,21.4342,0
0.127679,-36.5541,17.4326,-41.0605,20.3039,-41.9082,37.2469,-14.9843,40.7672,-45.9909,17.2871,0
0.127947,-37.9594,19.1567,-42.3854,21.405,-43.0281,36.8664,-14.3736,38.956,-41.5251,13.0608,0
0.128216,-39.1993,20.7283,-43.5327,22.3432,-43.9579,36.3151,-13.6273,36.9815,-36.9134,8.7694,0
0.128485,-40.2674,22.1408,-44.4968,23.1143,-44.6953,35.5951,-12.7513,34.8555,-32.1738,4.42759,0
0.128754,-41.1581,23.3884,-45.2733,23.7151,-45.2393,34.7098,-11.7523,32.5906,-27.325,0.0501353,0
0.129023,-41.8668,24.4664,-45.8587,24.1433,-45.5897,33.663,-10.6378,30.2,-22.3858,-4.34799,0
0.129291,-42.3898,25.3709,-46.2503,24.3975,-45.7472,32.4595,-9.41577,27.6975,-17.3756,-8.7517,0
0.12956,-42.7244,26.0991,-46.4465,24.4774,-45.7134,31.105,-8.09497,25.0973,-12.314,-13.1458,0
0.129829,-42.8689,26.6489,-46.4468,24.3835,-45.4909,29.6057,-6.68458,22.4139,-7.22066,-17.5152,0
0.130098,-42.8224,27.0194,-46.2514,24.1172,-45.0832,27.9687,-5.19433,19.6624,-2.11561,-21.8446,0
0.130367,-42.5851,27.2106,-45.8617,23.6809,-44.4945,26.2017,-3.63435,16.858,2.98128,-26.1192,0
0.130635,-42.1583,27.2234,-45.2799,23.0778,-43.7299,24.3129,-2.01519,14.0159,8.05014,-30.3239,0
0.130904,-41.544,27.0598,-44.5092,22.3122,-42.7953,22.3113,-0.347698,11.1517,13.0712,-34.4443,0
0.131173,-40.7453,26.7226,-43.5538,21.3891,-41.6974,20.2063,1.357,8.28094,18.0251,-38.4657,0
0.131442,-39.7662,26.2155,-42.4187,20.3141,-40.4437,18.0078,3.08758,5.41907,22.8924,-42.3743,0
0.131711,-38.6117,25.5432,-41.1097,19.094,-39.042,15.7262,4.83259,2.58142,27.6543,-46.1564,0
0.131979,-37.2874,24.7111,-39.6336,17.7361,-37.5012,13.3721,6.58048,-0.216847,32.2925,-49.7985,0
0.132248,-35.7999,23.7256,-37.9979,16.2484,-35.8306,10.9567,8.31973,-2.96085,36.789,-53.2881,0
0.132517,-34.1568,22.5938,-36.2109,14.6396,-34.0399,8.49106,10.0388,-5.63606,41.1267,-56.6128,0
0.132786,-32.3661,21.3235,-34.2815,12.919,-32.1394,5.98683,11.7264,-8.22834,45.2888,-59.7609,0
0.133055,-30.4367,19.9232,-32.2194,11.0966,-30.1399,3.45562,13.3713,-10.7241,49.2596,-62.7214,0
0.133323,-28.3782,18.4022,-30.0348,9.18259,-28.0524,0.909125,14.9624,-13.1101,53.0239,-65.4838,0
0.133592,-26.2008,16.7701,-27.7386,7.18787,-25.8883,-1.6409,16.4893,-15.3741,56.5676,-68.0384,0
0.133861,-23.9151,15.0375,-25.3419,5.12363,-23.6593,-4.18277,17.9415,-17.5041,59.8774,-70.3763,0
0.13413,-21.5323,13.2149,-22.8565,3.00138,-21.3771,-6.70487,19.3091,-19.489,62.941,-72.4892,0
0.134399,-19.0642,11.3137,-20.2945,0.832935,-19.0537,-9.19576,20.5828,-21.3187,65.7471,-74.3697,0
0.134667,-16.5227,9.34552,-17.6684,-1.36973,-16.7011,-11.6442,21.7537,-22.9836,68.2855,-76.0111,0
0.134936,-13.9202,7.32216,-14.9907,-3.59447,-14.3313,-14.0392,22.8134,-24.4751,70.547,-77.4078,0
0.135205,-11.2694,5.25576,-12.2743,-5.82908,-11.9563,-16.3702,23.7542,-25.7856,72.5239,-78.5549,0
0.135474,-8.58297,3.15862,-9.53224,-8.06134,-9.58788,-18.6268,24.5691,-26.9084,74.2092,-79.4483,0
0.135743,-5.87385,1.04314,-6.77738,-10.2791,-7.23769,-20.7993,25.2516,-27.8378,75.5975,-80.0851,0
0.136011,-3.15502,-1.07825,-4.02277,-12.4702,-4.91715,-22.8783,25.7962,-28.569,76.6843,-80.4629,0
0.13628,-0.439406,-3.19315,-1.28131,-14.6229,-2.6374,-24.8549,26.1979,-29.0984,77.4665,-80.5805,0
0.136549,2.26011,-5.28926,1.43425,-16.7255,-0.409213,-26.7208,26.4528,-29.4234,77.9424,-80.4377,0
0.136818,4.93081,-7.35442,4.11134,-18.7665,1.75701,-28.4683,26.5574,-29.5425,78.1113,-80.0351,0
0.137087,7.56019,-9.37671,6.7377,-20.7352,3.85133,-30.0904,26.5095,-29.4551,77.9738,-79.3741,0
0.137355,10.136,-11.3445,9.30137,-22.6207,5.8643,-31.5808,26.3073,-29.162,77.532,-78.4571,0
0.137624,12.6463,-13.2464,11.7908,-24.413,7.78699,-32.9336,25.9501,-28.6648,76.7889,-77.2876,0
0.137893,15.0797,-15.0717,14.1949,-26.1025,9.61106,-34.1439,25.4381,-27.9662,75.7488,-75.8698,0
0.138162,17.425,-16.8098,16.503,-27.68,11.3288,-35.2076,24.7722,-27.0701,74.4175,-74.2088,0
0.138431,19.6717,-18.4508,18.705,-29.1372,12.9331,-36.121,23.9543,-25.9814,72.8016,-72.3106,0
0.138699,21.8099,-19.9854,20.7916,-30.4661,14.4175,-36.8816,22.9871,-24.7057,70.909,-70.1819,0
0.138968,23.83,-21.4048,22.7538,-31.6597,15.7764,-37.4873,21.874,-23.2501,68.7488,-67.8304,0
0.139237,25.7233,-22.7009,24.5836,-32.7113,17.0048,-37.9371,20.6194,-21.6223,66.331,-65.2645,0
0.139506,27.4819,-23.8663,26.2734,-33.6155,18.0984,-38.2305,19.2284,-19.8309,63.6668,-62.4932,0
0.139775,29.0984,-24.8942,27.8167,-34.3672,19.0537,-38.3679,17.707,-17.8855,60.7682,-59.5265,0
0.140043,30.5661,-25.7789,29.2076,-34.9622,19.8681,-38.3507,16.0619,-15.7965,57.6482,-56.3748,0
0.140312,31.8793,-26.515,30.4409,-35.3972,20.5396,-38.1807,14.3003,-13.575,54.3206,-53.0493,0
0.140581,33.0332,-27.0984,31.5123,-35.6697,21.0671,-37.8605,12.4302,-11.2329,50.8003,-49.5616,0
0.14085,34.0234,-27.5254,32.4186,-35.778,21.4501,-37.3937,10.4605,-8.78267,47.1025,-45.9241,0
0.141119,34.8468,-27.7935,33.1571,-35.7211,21.6891,-36.7844,8.40025,-6.23744,43.2434,-42.1495,0
0.141387,35.501,-27.9008,33.7261,-35.4992,21.7851,-36.0372,6.25931,-3.61084,39.2396,-38.2509,0
0.141656,35.9843,-27.8464,34.1248,-35.1128,21.7402,-35.1578,4.04795,-0.916957,35.1085,-34.2421,0
0.141925,36.2963,-27.6303,34.3532,-34.5638,21.5569,-34.1521,1.77688,1.8297,30.8676,-30.1368,0
0.142194,36.437,-27.2531,34.4122,-33.8544,21.2386,-33.0268,-0.542803,4.61432,26.535,-25.9494,0
0.142463,36.4075,-26.7167,34.3035,-32.9878,20.7892,-31.789,-2.89969,7.42182,22.1292,-21.6942,0
0.142731,36.2099,-26.0234,34.0298,-31.9681,20.2135,-30.4464,-5.28208,10.237,17.6686,-17.3859,0
0.143,35.8469,-25.1766,33.5943,-30.8001,19.5168,-29.0071,-7.67811,13.0444,13.1722,-13.0394,0
0.143269,35.322,-24.1803,33.0014,-29.489,18.7049,-27.4796,-10.0757,15.8288,8.65853,-8.66934,0
0.143538,34.6398,-23.0396,32.2558,-28.0411,17.7843,-25.8728,-12.4628,18.5747,4.14658,-4.29067,0
0.143807,33.8053,-21.7599,31.3633,-26.4632,16.762,-24.1959,-14.8273,21.267,-0.345002,0.0818396,0
0.144075,32.8246,-20.3478,30.3303,-24.7627,15.6454,-22.4584,-17.1571,23.8907,-4.79767,4.43346,0
0.144344,31.7042,-18.8102,29.1639,-22.9475,14.4424,-20.6698,-19.4401,26.431,-9.19312,8.74963,0
0.144613,30.4514,-17.1549,27.8716,-21.0263,13.1611,-18.8399,-21.6646,28.8736,-13.5134,13.016,0
0.144882,29.0741,-15.3901,26.4617,-19.0079,11.8103,-16.9787,-23.8191,31.2045,-17.741,17.2184,0
0.145151,27.5809,-13.5247,24.9431,-16.9019,10.3987,-15.096,-25.8923,33.4102,-21.8587,21.3431,0
0.145419,25.9808,-11.5681,23.325,-14.718,8.93546,-13.2019,-27.8731,35.4777,-25.85,25.3767,0
0.145688,24.2833,-9.53017,21.617,-12.4666,7.42991,-11.3061,-29.7512,37.3949,-29.699,29.3061,0
0.145957,22.4984,-7.42105,19.8294,-10.158,5.89145,-9.41844,-31.5165,39.1499,-33.3904,33.1187,0
0.146226,20.6364,-5.25138,17.9724,-7.80288,4.32958,-7.54845,-33.1594,40.732,-36.9098,36.8024,0
0.146495,18.708,-3.03204,16.0569,-5.41223,2.75386,-5.70551,-34.671,42.131,-40.2432,40.3457,0
0.146763,16.724,-0.774158,14.0936,-2.997,1.17379,-3.89872,-36.043,43.3377,-43.378,43.7375,0
0.147032,14.6957,1.51096,12.0937,-0.568268,-0.401173,-2.13685,-37.2676,44.3438,-46.3022,46.9676,0
0.147301,12.6342,3.81188,10.0683,1.8629,-1.96171,-0.428334,-38.3379,45.1418,-49.0047,50.0263,0
0.14757,10.551,6.11712,8.02859,4.28545,-3.49865,1.21881,-39.2478,45.7252,-51.4755,52.9044,0
0.147839,8.4575,8.41517,5.98583,6.68846,-5.00308,2.79699,-39.9916,46.0887,-53.7056,55.5937,0
0.148107,6.36497,10.6946,3.95111,9.06114,-6.46631,4.29912,-40.5648,46.2278,-55.6871,58.0866,0
0.148376,4.28472,12.9441,1.9354,11.3929,-7.87999,5.71861,-40.9636,46.1391,-57.4133,60.3763,0
0.148645,2.22789,15.1524,-0.0504766,13.6734,-9.2361,7.04942,-41.185,45.8205,-58.8783,62.4567,0
0.148914,0.205385,17.3088,-1.99597,15.8927,-10.527,8.2861,-41.2269,45.2709,-60.0777,64.3226,0
0.149183,-1.77213,19.4024,-3.8908,18.0411,-11.7456,9.42379,-41.0882,44.49,-61.0081,65.9696,0
0.149451,-3.6943,21.4231,-5.72505,20.1092,-12.885,10.4583,-40.7685,43.479,-61.6672,67.394,0
0.14972,-5.55116,23.3608,-7.48918,22.0884,-13.9392,11.3859,-40.2684,42.2402,-62.0541,68.5932,0
0.149989,-7.33315,25.2062,-9.17411,23.9702,-14.9023,12.2038,-39.5894,40.7767,-62.1687,69.565,0
0.150258,-9.03117,26.9502,-10.7712,25.7469,-15.7692,12.9098,-38.734,39.0929,-62.0123,70.3085,0
0.150527,-10.6366,28.5844,-12.2724,27.4111,-16.5354,13.5021,-37.7055,37.1943,-61.5875,70.8233,0
0.150795,-12.1415,30.1008,-13.6702,28.9562,-17.1969,13.98,-36.5078,35.0874,-60.8978,71.1101,0
0.151064,-13.5384,31.4922,-14.9576,30.3761,-17.7504,14.3433,-35.1462,32.7797,-59.9478,71.17,0
0.151333,-14.8204,32.752,-16.1284,31.6655,-18.193,14.5923,-33.6264,30.2797,-58.7433,71.0055,0
0.151602,-15.9814,33.8741,-17.1769,32.8196,-18.5227,14.7283,-31.9551,27.597,-57.2912,70.6192,0
0.151871,-17.016,34.8533,-18.0983,33.8342,-18.7381,14.753,-30.1397,24.7419,-55.5994,70.0151,0
0.152139,-17.9194,35.6851,-18.8881,34.7061,-18.8383,14.6688,-28.1884,21.7257,-53.6766,69.1976,0
0.152408,-18.6875,36.3657,-19.543,35.4326,-18.8231,14.479,-26.1101,18.5605,-51.5328,68.1718,0
0.152677,-19.3172,36.892,-20.0601,36.0118,-18.6931,14.1871,-23.9142,15.2591,-49.1785,66.9437,0
0.152946,-19.8058,37.2618,-20.4375,36.4423,-18.4493,13.7974,-21.6109,11.8352,-46.6254,65.5199,0
0.153215,-20.1518,37.4736,-20.6738,36.7238,-18.0936,13.3148,-19.2109,8.30302,-43.8858,63.9074,0
0.153483,-20.3541,37.5268,-20.7685,36.8565,-17.6281,12.7445,-16.7255,4.67731,-40.9727,62.1142,0
0.153752,-20.4125,37.4214,-20.7218,36.8412,-17.0558,12.0925,-14.1662,0.973445,-37.9,60.1487,0
0.154021,-20.3278,37.1584,-20.5348,36.6796,-16.3802,11.365,-11.5453,-2.79279,-34.682,58.0196,0
0.15429,-20.1012,36.7395,-20.2091,36.3741,-15.6054,10.5687,-8.87507,-6.60521,-31.3337,55.7365,0
0.154559,-19.735,36.167,-19.7472,35.9275,-14.7359,9.71078,-6.16826,-10.4473,-27.8703,53.309,0
0.154827,-19.2319,35.4441,-19.1523,35.3436,-13.7767,8.79854,-3.43778,-14.3024,-24.3079,50.7476,0
0.155096,-18.5957,34.5749,-18.4281,34.6266,-12.7334,7.83973,-0.696709,-18.1537,-20.6624,48.0628,0
0.155365,-17.8307,33.5638,-17.5792,33.7813,-11.6118,6.84229,2.04177,-21.9841,-16.9505,45.2654,0
0.155634,-16.9418,32.4162,-16.6107,32.8132,-10.4183,5.81435,4.76448,-25.7767,-13.1885,42.3668,0
0.155903,-15.9347,31.1382,-15.5283,31.7282,-9.15953,4.76418,7.45824,-29.5146,-9.39345,39.3783,0
0.156171,-14.8157,29.7362,-14.3385,30.5327,-7.84248,3.70017,10.11,-33.1812,-5.582,36.3115,0
0.15644,-13.5917,28.2174,-13.048,29.2338,-6.4744,2.63074,12.7069,-36.7598,-1.77095,33.1782,0
0.156709,-12.2699,26.5895,-11.6642,27.8387,-5.06275,1.5643,15.2363,-40.2343,2.023,29.9901,0
0.156978,-10.8584,24.8608,-10.1949,26.3551,-3.6152,0.509231,17.6858,-43.589,5.78335,26.759,0
0.157247,-9.36541,23.0399,-8.64838,24.7911,-2.13956,-0.526212,20.0435,-46.8083,9.4938,23.4969,0
0.157515,-7.79977,21.1359,-7.03322,23.1551,-0.643728,-1.53391,22.2977,-49.8775,13.1384,20.2155,0
0.157784,-6.17059,19.1582,-5.35835,21.4556,0.864335,-2.50595,24.4374,-52.7824,16.7015,16.9264,0
0.158053,-4.48733,17.1167,-3.63298,19.7016,2.37666,-3.43465,26.4519,-55.5093,20.1681,13.6412,0
0.158322,-2.75968,15.0213,-1.86654,17.9019,3.88531,-4.31264,28.3315,-58.0454,23.5234,10.3712,0
0.158591,-0.997582,12.8823,-0.0686591,16.0657,5.38243,-5.13286,30.0666,-60.3785,26.7534,7.12758,0
0.158859,0.788886,10.7101,1.75093,14.2021,6.86028,-5.88863,31.6486,-62.4975,29.8445,3.92106,0
0.159128,2.58953,8.5152,3.58241,12.3202,8.31128,-6.57369,33.0697,-64.3918,32.7842,0.762187,0
0.159397,4.39411,6.3082,5.41592,10.4293,9.72805,-7.18224,34.3227,-66.0522,35.5603,-2.33886,0
0.159666,6.19237,4.09966,7.24165,8.53841,11.1035,-7.70894,35.4012,-67.4702,38.1615,-5.37231,0
0.159935,7.97413,1.9001,9.04985,6.65643,12.4307,-8.14898,36.2998,-68.6382,40.5774,-8.32881,0
0.160203,9.7293,-0.280073,10.8309,4.79217,13.7031,-8.49809,37.0138,-69.5501,42.7986,-11.1994,0
0.160472,11.448,-2.43059,12.5753,2.95422,14.9146,-8.75259,37.5395,-70.2003,44.8162,-13.9758,0
0.160741,13.1204,-4.54141,14.2739,1.15089,16.0593,-8.90938,37.874,-70.5849,46.6227,-16.6499,0
0.16101,14.7372,-6.60274,15.9177,-0.609778,17.1318,-8.96597,38.0156,-70.7008,48.2111,-19.2144,0
0.161279,16.2891,-8.60508,17.498,-2.32006,18.1272,-8.9205,37.9632,-70.546,49.5759,-21.6624,0
0.161547,17.7675,-10.5393,19.0066,-3.97261,19.041,-8.77177,37.717,-70.1198,50.7122,-23.9877,0
0.161816,19.1638,-12.3967,20.4355,-5.56047,19.8691,-8.5192,37.2778,-69.4227,51.6162,-26.1846,0
0.162085,20.4703,-14.1689,21.7773,-7.07712,20.608,-8.1629,36.6476,-68.4562,52.2854,-28.2481,0
0.162354,21.6793,-15.8481,23.0249,-8.51646,21.2547,-7.7036,35.8292,-67.2232,52.7181,-30.1736,0
0.162623,22.784,-17.427,24.1718,-9.87293,21.8067,-7.14273,34.8265,-65.7274,52.9136,-31.9573,0
0.162891,23.778,-18.8989,25.2121,-11.1414,22.2621,-6.48233,33.6442,-63.974,52.8724,-33.596,0
0.16316,24.6555,-20.2575,26.1403,-12.3174,22.6194,-5.7251,32.2879,-61.9692,52.5959,-35.0871,0
0.163429,25.4113,-21.4973,26.9516,-13.3967,22.878,-4.87435,30.764,-59.72,52.0867,-36.4287,0
0.163698,26.0409,-22.6133,27.6419,-14.3761,23.0373,-3.93404,29.08,-57.2348,51.3481,-37.6195,0
0.163967,26.5404,-23.6013,28.2074,-15.2525,23.0977,-2.90867,27.244,-54.523,50.3848,-38.6587,0
0.164235,26.9065,-24.4575,28.6451,-16.0237,23.0601,-1.80334,25.2648,-51.5948,49.2021,-39.5462,0
0.164504,27.1368,-25.1792,28.9529,-16.6879,22.9256,-0.623688,23.1521,-48.4614,47.8063,-40.2827,0
0.164773,27.2295,-25.764,29.129,-17.244,22.6962,0.624152,20.9162,-45.1349,46.2047,-40.8691,0
0.165042,27.1835,-26.2104,29.1724,-17.6914,22.3742,1.93356,18.5681,-41.6282,44.4054,-41.3073,0
0.165311,26.9985,-26.5176,29.0828,-18.03,21.9625,3.29746,16.1193,-37.9552,42.4174,-41.5994,0
0.165579,26.6746,-26.6855,28.8606,-18.2605,21.4643,4.70838,13.5819,-34.1301,40.2502,-41.7483,0
0.165848,26.2132,-26.7147,28.5066,-18.384,20.8835,6.1585,10.9685,-30.1682,37.9143,-41.7572,0
0.166117,25.6158,-26.6064,28.0225,-18.4022,20.2241,7.63964,8.29186,-26.0849,35.4208,-41.6301,0
0.166386,24.885,-26.3626,27.4107,-18.3172,19.4909,9.14337,5.56541,-21.8967,32.7813,-41.3711,0
0.166655,24.0239,-25.986,26.6739,-18.1319,18.6887,10.661,2.80273,-17.62,30.0082,-40.985,0
0.166923,23.0364,-25.48,25.8157,-17.8494,17.8229,12.1837,0.0175973,-13.2719,27.1142,-40.4769,0
0.167192,21.9268,-24.8483,24.8401,-17.4735,16.8989,13.7025,-2.77601,-8.86982,24.1126,-39.8525,0
0.167461,20.7003,-24.0956,23.7519,-17.0082,15.9227,15.2082,-5.56406,-4.43118,21.0169,-39.1175,0
0.16773,19.3625,-23.2271,22.556,-16.458,14.9003,16.6918,-8.33248,0.0262931,17.841,-38.2782,0
0.167999,17.9196,-22.2483,21.2583,-15.828,13.838,18.1441,-11.0673,4.48481,14.5992,-37.341,0
0.168267,16.3785,-21.1656,19.8648,-15.1235,12.7423,19.5561,-13.7545,8.92662,11.3059,-36.3127,0
0.168536,14.7462,-19.9857,18.3821,-14.3499,11.6197,20.9189,-16.3805,13.334,7.97559,-35.2004,0
0.168805,13.0307,-18.7156,16.8173,-13.5132,10.4768,22.2237,-18.9318,17.6895,4.62283,-34.011,0
0.169074,11.2398,-17.3631,15.1775,-12.6195,9.32026,23.4619,-21.3952,21.9757,1.26224,-32.752,0
0.169343,9.38227,-15.936,13.4706,-11.6753,8.15686,24.6253,-23.758,26.1757,-2.09164,-31.4307,0
0.169611,7.46676,-14.4426,11.7044,-10.687,6.99319,25.7058,-26.0079,30.2729,-5.42442,-30.0547,0
0.16988,5.50243,-12.8915,9.88714,-9.66121,5.8358,26.6959,-28.133,34.2512,-8.72186,-28.6314,0
0.170149,3.49861,-11.2915,8.02724,-8.60483,4.69116,27.5883,-30.1222,38.0948,-11.97,-27.1685,0
0.170418,1.46484,-9.65165,6.13325,-7.52463,3.56555,28.3762,-31.9647,41.7887,-15.1552,-25.6733,0
0.170687,-0.589221,-7.98102,4.21383,-6.42748,2.46509,29.0534,-33.6507,45.3186,-18.2641,-24.1535,0
0.170955,-2.65379,-6.2889,2.27773,-5.32022,1.39568,29.614,-35.1708,48.6708,-21.2839,-22.6162,0
0.171224,-4.71907,-4.58459,0.33373,-4.20963,0.362927,30.0529,-36.5167,51.8323,-24.2021,-21.0688,0
0.171493,-6.77526,-2.87742,-1.60943,-3.1024,-0.627808,30.3653,-37.6806,54.7912,-27.0069,-19.5184,0
0.171762,-8.81259,-1.17665,-3.54304,-2.00512,-1.5715,30.5474,-38.6558,57.5361,-29.6871,-17.9718,0
0.172031,-10.8214,0.508532,-5.45851,-0.924192,-2.46348,30.5956,-39.4364,60.0567,-32.2319,-16.4356,0
0.172299,-12.7923,2.16908,-7.3474,0.134161,-3.29943,30.5073,-40.0172,62.3439,-34.6314,-14.9164,0
0.172568,-14.7158,3.79612,-9.20143,1.16395,-4.07544,30.2804,-40.3943,64.3892,-36.8762,-13.4202,0
0.172837,-16.583,5.38101,-11.0126,2.15943,-4.78802,29.9138,-40.5645,66.1854,-38.9578,-11.9529,0
0.173106,-18.3851,6.91537,-12.773,3.11516,-5.43412,29.4066,-40.5257,67.7262,-40.8684,-10.5201,0
0.173375,-20.1136,8.39113,-14.4753,4.02599,-6.01112,28.7592,-40.2769,69.0066,-42.601,-9.12705,0
0.173643,-21.7605,9.80057,-16.1123,4.88714,-6.51689,27.9722,-39.8177,70.0224,-44.1496,-7.77852,0
0.173912,-23.3181,11.1363,-17.6773,5.69415,-6.94977,27.0473,-39.1493,70.7707,-45.5086,-6.47903,0
0.174181,-24.7792,12.3916,-19.1637,6.44296,-7.30859,25.9869,-38.2733,71.2499,-46.6739,-5.2327,0
0.17445,-26.1371,13.5597,-20.5657,7.12993,-7.59266,24.7938,-37.1926,71.4592,-47.6416,-4.04323,0
0.174719,-27.3855,14.6348,-21.8778,7.7518,-7.80179,23.472,-35.9112,71.3992,-48.4093,-2.91394,0
0.174987,-28.5189,15.6115,-23.0949,8.30576,-7.93629,22.0258,-34.4339,71.0714,-48.9751,-1.84772,0
0.175256,-29.5319,16.4847,-24.2125,8.78944,-7.99693,20.4603,-32.7664,70.4785,-49.338,-0.847047,0
0.175525,-30.4203,17.2501,-25.2265,9.20089,-7.98499,18.7813,-30.9154,69.6244,-49.4982,0.0860394,0
0.175794,-31.18,17.9039,-26.1334,9.53865,-7.90222,16.9952,-28.8886,68.514,-49.4565,0.94991,0
0.176063,-31.8078,18.4429,-26.9303,9.80169,-7.75082,15.1092,-26.6943,67.1532,-49.2146,1.74336,0
0.176331,-32.301,18.8645,-27.6148,9.98946,-7.53345,13.1306,-24.3419,65.5489,-48.7751,2.46563,0
0.1766,-32.6577,19.1667,-28.185,10.1018,-7.25318,11.0678,-21.8415,63.7093,-48.1415,3.11634,0
0.176869,-32.8765,19.3481,-28.6397,10.1392,-6.91351,8.92928,-19.2037,61.643,-47.3181,3.69554,0
0.177138,-32.9569,19.4082,-28.978,10.1022,-6.51833,6.72422,-16.4402,59.36,-46.3098,4.20371,0
0.177407,-32.8988,19.3466,-29.1998,9.99221,-6.07185,4.46213,-13.563,56.8709,-45.1226,4.64166,0
0.177675,-32.7028,19.164,-29.3055,9.81078,-5.57868,2.15291,-10.5849,54.1872,-43.7629,5.01065,0
0.177944,-32.3704,18.8616,-29.296,9.55996,-5.04369,-0.193205,-7.51898,51.3211,-42.238,5.31224,0
0.178213,-31.9035,18.441,-29.1728,9.24218,-4.47204,-2.56571,-4.37904,48.2855,-40.5558,5.5484,0
0.178482,-31.3048,17.9047,-28.9379,8.86023,-3.86914,-4.95386,-1.17913,45.0939,-38.7247,5.72138,0
0.178751,-30.5774,17.2555,-28.5938,8.41726,-3.24062,-7.34674,2.06633,41.7606,-36.7539,5.83378,0
0.179019,-29.7253,16.4971,-28.1434,7.91674,-2.59226,-9.73331,5.34265,38.3001,-34.653,5.88848,0
0.179288,-28.7528,15.6334,-27.5903,7.36244,-1.93001,-12.1025,8.63496,34.7275,-32.4319,5.88863,0
0.179557,-27.665,14.6691,-26.9383,6.75842,-1.2599,-14.4431,11.9282,31.0584,-30.1013,5.83765,0
0.179826,-26.4674,13.6092,-26.1918,6.10898,-0.588047,-16.7441,15.2074,27.3083,-27.6721,5.73917,0
0.180095,-25.166,12.4592,-25.3555,5.41863,0.0794159,-18.9945,18.4573,23.4935,-25.1553,5.59702,0
0.180363,-23.7672,11.2253,-24.4345,4.6921,0.736361,-21.1835,21.6631,19.6299,-22.5626,5.41523,0
0.180632,-22.2782,9.91368,-23.4343,3.93425,1.37671,-23.3004,24.8099,15.7339,-19.9055,5.19796,0
0.180901,-20.706,8.53122,-22.3607,3.15011,1.99446,-25.3349,27.8831,11.8218,-17.196,4.94951,0
0.18117,-19.0586,7.08501,-21.2195,2.34476,2.58376,-27.277,30.8682,7.90974,-14.4461,4.67427,0
0.181439,-17.3438,5.58246,-20.0172,1.52339,3.13887,-29.1169,33.7514,4.01385,-11.6677,4.37673,0
0.181707,-15.5701,4.03126,-18.7602,0.691211,3.6543,-30.8453,36.5191,0.150056,-8.87296,4.0614,0
0.181976,-13.7459,2.4393,-17.4551,-0.146569,4.12474,-32.4535,39.1581,-3.666,-6.07375,3.73283,0
0.182245,-11.88,0.814653,-16.1088,-0.984761,4.5452,-33.9332,41.6559,-7.41899,-3.28196,3.39554,0
0.182514,-9.98145,-0.834445,-14.7281,-1.81823,4.91094,-35.2766,44.0006,-11.094,-0.509309,3.05407,0
0.182783,-8.05912,-2.49967,-13.32,-2.64195,5.21757,-36.4765,46.1808,-14.6765,2.23273,2.71284,0
0.183051,-6.12218,-4.17265,-11.8915,-3.45099,5.46106,-37.5265,48.186,-18.1526,4.93292,2.37624,0
0.18332,-4.17975,-5.84498,-10.4495,-4.24057,5.63775,-38.4206,50.0063,-21.5089,7.58034,2.04853,0
0.183589,-2.24094,-7.50828,-9.00107,-5.0061,5.7444,-39.1538,51.6326,-24.7326,10.1644,1.73385,0
0.183858,-0.314784,-9.15426,-7.55296,-5.74319,5.77821,-39.7215,53.0569,-27.8116,12.6751,1.43618,0
0.184127,1.58976,-10.7747,-6.11196,-6.44766,5.73682,-40.1202,54.2717,-30.7347,15.1025,1.15934,0
0.184395,3.46392,-12.3616,-4.68467,-7.11559,5.61834,-40.3468,55.2708,-33.4911,17.4374,0.906954,0
0.184664,5.29907,-13.907,-3.27753,-7.74335,5.42136,-40.3994,56.0485,-36.0713,19.6712,0.682427,0
0.184933,7.08686,-15.4033,-1.89675,-8.32756,5.145,-40.2766,56.6006,-38.4662,21.7957,0.488942,0
0.185202,8.81918,-16.8431,-0.548319,-8.86519,4.78885,-39.9779,56.9234,-40.6679,23.8033,0.329431,0
0.185471,10.4882,-18.2194,0.762031,-9.35353,4.35304,-39.5036,57.0146,-42.6693,25.687,0.206569,0
0.185739,12.0866,-19.5254,2.02887,-9.7902,3.83819,-38.8551,56.8726,-44.4642,27.4405,0.122755,0
0.186008,13.6072,-20.7546,3.24707,-10.1732,3.24548,-38.0341,56.4972,-46.0474,29.0581,0.0801003,0
0.186277,15.0433,-21.9011,4.41186,-10.5008,2.57656,-37.0437,55.8888,-47.4146,30.5349,0.0804216,0
0.186546,16.3888,-22.9593,5.5188,-10.7718,1.83365,-35.8873,55.0491,-48.5627,31.8666,0.125229,0
0.186815,17.6378,-23.9241,6.56383,-10.9852,1.01941,-34.5695,53.9808,-49.4895,33.0496,0.215722,0
0.187083,18.7852,-24.7906,7.54329,-11.1405,0.137052,-33.0954,52.6876,-50.1936,34.081,0.35278,0
0.187352,19.8262,-25.5549,8.45392,-11.2376,-0.809771,-31.4711,51.1741,-50.6748,34.9587,0.536965,0
0.187621,20.7566,-26.213,9.29287,-11.2766,-1.81692,-29.7031,49.446,-50.9338,35.6812,0.768512,0
0.18789,21.5726,-26.762,10.0577,-11.2582,-2.87984,-27.799,47.5099,-50.9725,36.2479,1.04734,0
0.188159,22.2713,-27.199,10.7464,-11.1834,-3.9935,-25.7668,45.3733,-50.7933,36.6587,1.37303,0
0.188427,22.8502,-27.5221,11.3575,-11.0534,-5.15253,-23.6153,43.0445,-50.4,36.9145,1.74488,0
0.188696,23.3072,-27.7296,11.8898,-10.87,-6.35116,-21.3537,40.5329,-49.7971,37.0166,2.16183,0
0.188965,23.6412,-27.8206,12.3426,-10.6351,-7.58326,-18.9919,37.8485,-48.99,36.9672,2.62254,0
0.189234,23.8513,-27.7945,12.7156,-10.351,-8.84243,-16.5403,35.0021,-47.9849,36.7689,3.12538,0
0.189503,23.9374,-27.6516,13.0091,-10.0205,-10.122,-14.0097,32.0051,-46.7889,36.4253,3.66842,0
0.189771,23.9,-27.3923,13.2236,-9.64638,-11.4149,-11.4115,28.8698,-45.4099,35.9404,4.24944,0
0.19004,23.7401,-27.018,13.3601,-9.23188,-12.7141,-8.75725,25.609,-43.8566,35.3187,4.86597,0
0.190309,23.4594,-26.5304,13.42,-8.78042,-14.0122,-6.05885,22.236,-42.1381,34.5656,5.5153,0
0.190578,23.06,-25.9316,13.4051,-8.29566,-15.3018,-3.32852,18.7645,-40.2645,33.6867,6.19446,0
0.190847,22.5448,-25.2245,13.3176,-7.78144,-16.5754,-0.578646,15.2089,-38.2463,32.6884,6.90028,0
0.191115,21.917,-24.4123,13.1599,-7.24179,-17.8253,2.17825,11.5836,-36.0945,31.5772,7.62938,0
0.191384,21.1805,-23.4988,12.9349,-6.68087,-19.0439,4.92955,7.9037,-33.8207,30.3603,8.3782,0
0.191653,20.3395,-22.4879,12.6457,-6.10298,-20.2237,7.66265,4.18417,-31.4369,29.0453,9.14301,0
0.191922,19.3988,-21.3845,12.2958,-5.51248,-21.3572,10.3649,0.440335,-28.9555,27.64,9.91994,0
0.192191,18.3637,-20.1935,11.8888,-4.9138,-22.437,13.0239,-3.31245,-26.389,26.1526,10.705,0
0.192459,17.2399,-18.9203,11.4288,-4.31143,-23.456,15.6273,-7.0588,-23.7505,24.5916,11.4941,0
0.192728,16.0334,-17.5705,10.9198,-3.70982,-24.407,18.1629,-10.7834,-21.0529,22.9656,12.2831,0
0.192997,14.7506,-16.1503,10.3662,-3.11343,-25.2833,20.6189,-14.4709,-18.3096,21.2835,13.0676,0
0.193266,13.3982,-14.666,9.7726,-2.52664,-26.0784,22.9838,-18.1064,-15.5337,19.5543,13.8436,0
0.193535,11.9834,-13.1242,9.14352,-1.95375,-26.7861,25.2465,-21.675,-12.7386,17.787,14.6066,0
0.193803,10.5133,-11.5317,8.48376,-1.39898,-27.4007,27.3962,-25.1623,-9.9374,15.9908,15.3524,0
0.194072,8.99559,-9.8956,7.79814,-0.866356,-27.9166,29.4228,-28.5541,-7.14328,14.1747,16.0768,0
0.194341,7.43789,-8.22294,7.09153,-0.359786,-28.3289,31.3165,-31.8368,-4.3691,12.3479,16.7756,0
0.19461,5.84808,-6.52107,6.36883,0.117035,-28.6331,33.0684,-34.9972,-1.62754,10.5192,17.4446,0
0.194879,4.23413,-4.79735,5.63493,0.560624,-28.825,34.6699,-38.0227,1.06906,8.69769,18.0799,0
0.195147,2.60407,-3.0592,4.89467,0.967737,-28.9011,36.1133,-40.9012,3.70866,6.89188,18.6775,0
0.195416,0.965972,-1.31407,4.15284,1.33539,-28.8583,37.3915,-43.6215,6.27968,5.11029,19.2338,0
0.195685,-0.672086,0.430631,3.41413,1.66087,-28.6943,38.4981,-46.1728,8.77096,3.36112,19.745,0
0.195954,-2.30208,2.16755,2.68314,1.94178,-28.4071,39.4277,-48.5453,11.1719,1.65231,20.2079,0
0.196223,-3.91607,3.88941,1.96431,2.17603,-27.9955,40.1754,-50.7299,13.4723,-0.00855576,20.6191,0
0.196491,-5.50623,5.58907,1.2619,2.36186,-27.4586,40.7374,-52.7184,15.6627,-1.61423,20.9756,0
0.19676,-7.06487,7.25954,0.580019,2.49785,-26.7966,41.1105,-54.5033,17.7342,-3.15785,21.2747,0
0.197029,-8.58452,8.894,-0.0774563,2.58293,-26.0098,41.2925,-56.0782,19.6787,-4.63299,21.5138,0
0.197298,-10.0579,10.4859,-0.706866,2.61641,-25.0996,41.2822,-57.4376,21.4886,-6.03366,21.6906,0
0.197567,-11.478,12.0288,-1.3048,2.59796,-24.0676,41.0789,-58.5766,23.1571,-7.35434,21.8032,0
0.197835,-12.8381,13.5168,-1.8681,2.5276,-22.9164,40.6832,-59.4918,24.6782,-8.58999,21.8496,0
0.198104,-14.1318,14.9439,-2.39389,2.40577,-21.649,40.0963,-60.1805,26.0467,-9.73612,21.8286,0
0.198373,-15.3531,16.3049,-2.8796,2.23324,-20.2691,39.3205,-60.6408,27.258,-10.7887,21.7388,0
0.198642,-16.4961,17.5945,-3.32292,2.01117,-18.7809,38.3587,-60.8721,28.3085,-11.7443,21.5795,0
0.198911,-17.5557,18.8081,-3.72189,1.74111,-17.1892,37.215,-60.8747,29.1954,-12.6001,21.3502,0
0.199179,-18.5269,19.9413,-4.07484,1.42492,-15.4996,35.8941,-60.6497,29.9166,-13.3536,21.0504,0
0.199448,-19.4053,20.99,-4.38044,1.06485,-13.7179,34.4015,-60.1994,30.4709,-14.0032,20.6804,0
0.199717,-20.1869,21.9509,-4.63768,0.663482,-11.8506,32.7437,-59.527,30.8579,-14.5477,20.2405,0
0.199986,-20.8681,22.8208,-4.84586,0.223706,-9.90478,30.9277,-58.6365,31.0781,-14.9863,19.7314,0
0.200255,-21.446,23.5969,-5.00463,-0.251263,-7.88779,28.9616,-57.533,31.1327,-15.319,19.154,0
0.200523,-21.9178,24.2771,-5.11395,-0.757923,-5.80753,26.8538,-56.2222,31.0236,-15.5464,18.5098,0
0.200792,-22.2816,24.8596,-5.17411,-1.2925,-3.67226,24.6136,-54.7111,30.7538,-15.6695,17.8002,0
0.201061,-22.5358,25.3431,-5.18571,-1.85097,-1.49061,22.2509,-53.007,30.3266,-15.6898,17.0272,0
0.20133,-22.6794,25.7266,-5.14965,-2.42907,0.728465,19.7761,-51.1185,29.7465,-15.6095,16.193,0
0.201599,-22.7118,26.0097,-5.06712,-3.02236,2.97574,17.2002,-49.0545,29.0183,-15.4311,15.2999,0
0.201867,-22.6331,26.1926,-4.93962,-3.62619,5.24174,14.5346,-46.8248,28.1477,-15.1579,14.3509,0
0.202136,-22.4436,26.2755,-4.76889,-4.23577,7.5168,11.7912,-44.4399,27.141,-14.7933,13.3487,0
0.202405,-22.1443,26.2595,-4.55696,-4.84621,9.79112,8.98225,-41.9109,26.005,-14.3414,12.2966,0
0.202674,-21.7368,26.1459,-4.30607,-5.45249,12.0548,6.12028,-39.2491,24.7472,-13.8066,11.1981,0
0.202943,-21.223,25.9363,-4.0187,-6.04955,14.2978,3.2181,-36.4669,23.3756,-13.1938,10.0568,0
0.203211,-20.6052,25.633,-3.69754,-6.63229,16.5102,0.288706,-33.5765,21.8985,-12.5082,8.87644,0
0.20348,-19.8864,25.2385,-3.34545,-7.19561,18.6821,-2.65475,-30.5909,20.3247,-11.7552,7.66115,0
0.203749,-19.0699,24.7557,-2.96548,-7.73442,20.8036,-5.59906,-27.5233,18.6637,-10.9408,6.41505,0
0.204018,-18.1594,24.1878,-2.5608,-8.24372,22.8649,-8.53098,-24.3871,16.9248,-10.0711,5.14245,0
0.204287,-17.1591,23.5384,-2.13471,-8.71858,24.8566,-11.4373,-21.1959,15.118,-9.15229,3.84777,0
0.204555,-16.0733,22.8114,-1.69062,-9.15421,26.7694,-14.305,-17.9634,13.2534,-8.19103,2.53553,0
0.204824,-14.9071,22.011,-1.23201,-9.54594,28.5942,-17.1212,-14.7036,11.3412,-7.19398,1.21034,0
0.205093,-13.6655,21.1416,-0.762416,-9.88931,30.3224,-19.8731,-11.4301,9.39182,-6.16798,-0.123145,0
0.205362,-12.354,20.208,-0.285404,-10.1801,31.9455,-22.5483,-8.15685,7.41573,-5.11995,-1.46023,0
0.205631,-10.9785,19.2149,0.195452,-10.4142,33.4558,-25.1348,-4.89735,5.42344,-4.05686,-2.79618,0
0.205899,-9.54494,18.1676,0.676594,-10.5879,34.8456,-27.6209,-1.6651,3.42542,-2.9857,-4.1263,0
0.206168,-8.05952,17.0712,1.1545,-10.6978,36.108,-29.9953,1.5267,1.43206,-1.91344,-5.4459,0
0.206437,-6.52867,15.9311,1.62571,-10.7407,37.2366,-32.2475,4.66513,-0.546369,-0.846986,-6.75033,0
0.206706,-4.95898,14.7529,2.08685,-10.7139,38.2253,-34.3671,7.73764,-2.49978,0.206839,-8.035,0
0.206975,-3.35716,13.542,2.53465,-10.6147,39.069,-36.3447,10.7321,-4.41831,1.24134,-9.29543,0
0.207243,-1.72999,12.3042,2.96596,-10.4413,39.7629,-38.1712,13.6368,-6.29238,2.24999,-10.5272,0
0.207512,-0.0843621,11.0451,3.37777,-10.192,40.3029,-39.8384,16.4406,-8.11271,3.22646,-11.7261,0
0.207781,1.57282,9.77025,3.76724,-9.86539,40.6856,-41.3389,19.1329,-9.87039,4.16462,-12.888,0
0.20805,3.23465,8.48539,4.13172,-9.46076,40.9083,-42.6657,21.7036,-11.5569,5.05864,-14.0088,0
0.208319,4.89424,7.19606,4.46874,-8.9777,40.9691,-43.8129,24.1435,-13.1642,5.90294,-15.0849,0
0.208587,6.54475,5.90776,4.77604,-8.41625,40.8666,-44.7754,26.4438,-14.6847,6.69227,-16.1125,0
0.208856,8.17942,4.62588,5.05161,-7.77692,40.6003,-45.5486,28.5966,-16.1114,7.42172,-17.0884,0
0.209125,9.79163,3.35568,5.29365,-7.06067,40.1703,-46.1292,30.5947,-17.4376,8.08673,-18.0092,0
0.209394,11.3749,2.10229,5.50061,-6.26891,39.5775,-46.5145,32.4316,-18.6574,8.68313,-18.8722,0
0.209663,12.9228,0.870653,5.67122,-5.4035,38.8237,-46.7027,34.1017,-19.7655,9.20717,-19.6745,0
0.209931,14.4293,-0.334463,5.80445,-4.46678,37.9111,-46.6928,35.6001,-20.757,9.65549,-20.4137,0
0.2102,15.8884,-1.50851,5.89955,-3.4615,36.8429,-46.485,36.9229,-21.6279,10.0252,-21.0877,0
0.210469,17.2945,-2.64716,5.95603,-2.39086,35.623,-46.0801,38.0668,-22.3747,10.3138,-21.6945,0
0.210738,18.642,-3.74633,5.97371,-1.2585,34.2557,-45.4799,39.0297,-22.9946,10.5194,-22.2325,0
0.211007,19.926,-4.8022,5.95266,-0.0684603,32.7464,-44.6869,39.81,-23.4854,10.6403,-22.7004,0
0.211275,21.1414,-5.81121,5.89321,1.17483,31.1009,-43.7047,40.4071,-23.8457,10.6756,-23.097,0
0.211544,22.2839,-6.77008,5.796,2.46656,29.3256,-42.5376,40.8212,-24.0747,10.6247,-23.4216,0
0.211813,23.3491,-7.67583,5.66191,3.80155,27.4278,-41.1908,41.0536,-24.1723,10.4874,-23.6737,0
0.212082,24.3333,-8.52579,5.4921,5.1743,25.415,-39.6702,41.106,-24.139,10.2641,-23.8531,0
0.212351,25.2329,-9.31757,5.28795,6.57898,23.2956,-37.9825,40.9811,-23.9761,9.95568,-23.96,0
0.212619,26.0448,-10.0491,5.05114,8.00949,21.0783,-36.1352,40.6826,-23.6854,9.56345,-23.9946,0
0.212888,26.7663,-10.7187,4.78352,9.45948,18.7723,-34.1363,40.2146,-23.2695,9.08918,-23.9578,0
0.213157,27.3949,-11.3248,4.48721,10.9223,16.3872,-31.9947,39.5821,-22.7315,8.53506,-23.8503,0
0.213426,27.9288,-11.8664,4.1645,12.3913,13.9332,-29.7197,38.7909,-22.0752,7.90375,-23.6735,0
0.213695,28.3663,-12.3426,3.8179,13.8594,11.4205,-27.3214,37.8474,-21.3047,7.1983,-23.4288,0
0.213963,28.7062,-12.7531,3.45008,15.3196,8.85999,-24.8103,36.7585,-20.4251,6.42219,-23.1179,0
0.214232,28.9477,-13.0975,3.06386,16.7647,6.26247,-22.1973,35.5319,-19.4416,5.57925,-22.7429,0
0.214501,29.0904,-13.3761,2.66223,18.1874,3.63911,-19.4939,34.1758,-18.3602,4.67369,-22.3059,0
0.21477,29.1343,-13.5892,2.24826,19.5806,1.00119,-16.7118,32.6988,-17.1872,3.71005,-21.8095,0
0.215039,29.0798,-13.7376,1.82516,20.9369,-1.63988,-13.8631,31.11,-15.9292,2.69318,-21.2561,0
0.215307,28.9274,-13.8222,1.39618,22.2492,-4.2727,-10.9602,29.4191,-14.5936,1.62822,-20.6488,0
0.215576,28.6785,-13.8443,0.964652,23.5104,-6.88582,-8.01563,27.636,-13.1877,0.520577,-19.9905,0
0.215845,28.3343,-13.8054,0.533948,24.7134,-9.46789,-5.04206,25.7709,-11.7193,-0.62412,-19.2845,0
0.216114,27.8967,-13.7071,0.107443,25.8515,-12.0077,-2.05232,23.8343,-10.1964,-1.80004,-18.534,0
0.216383,27.3678,-13.5516,-0.311491,26.918,-14.494,0.940804,21.8369,-8.62746,-3.00117,-17.7425,0
0.216651,26.7501,-13.3409,-0.71951,27.9066,-16.9161,3.92451,19.7896,-7.02079,-4.22136,-16.9138,0
0.21692,26.0462,-13.0775,-1.11332,28.8111,-19.2632,6.88609,17.7034,-5.38501,-5.45436,-16.0513,0
0.217189,25.2593,-12.7638,-1.48971,29.6256,-21.5252,9.81302,15.5892,-3.7288,-6.69383,-15.159,0
0.217458,24.3927,-12.4026,-1.84554,30.3447,-23.692,12.6929,13.4581,-2.06088,-7.93339,-14.2407,0
0.217727,23.4498,-11.9968,-2.1778,30.9633,-25.7542,15.5137,11.3211,-0.389982,-9.16664,-13.3003,0
0.217995,22.4346,-11.5492,-2.48362,31.4766,-27.7026,18.2637,9.18884,1.27521,-10.3872,-12.3417,0
0.218264,21.3509,-11.0631,-2.76027,31.8803,-29.5286,20.9313,7.07215,2.9261,-11.5888,-11.3688,0
0.218533,20.2031,-10.5415,-3.00521,32.1705,-31.2242,23.5057,4.98143,4.55421,-12.7651,-10.3856,0
0.218802,18.9954,-9.98781,-3.21605,32.3438,-32.782,25.9762,2.92687,6.15124,-13.91,-9.39602,0
0.219071,17.7325,-9.40522,-3.39067,32.3973,-34.195,28.3329,0.918337,7.70911,-15.0176,-8.40386,0
0.219339,16.419,-8.79712,-3.5271,32.3287,-35.457,30.5664,-1.03466,9.21997,-16.0819,-7.41297,0
0.219608,15.0598,-8.16684,-3.62366,32.136,-36.5625,32.6676,-2.923,10.6763,-17.0975,-6.42708,0
0.219877,13.6596,-7.51777,-3.6789,31.8179,-37.5065,34.6285,-4.73802,12.0708,-18.0588,-5.44982,0
0.220146,12.2234,-6.85325,-3.69162,31.3736,-38.2849,36.4414,-6.47153,13.3967,-18.9609,-4.48475,0
0.220415,10.7564,-6.17659,-3.66089,30.803,-38.8944,38.0994,-8.11587,14.6474,-19.7988,-3.53527,0
0.220683,9.26349,-5.49106,-3.58607,30.1064,-39.3322,39.5965,-9.66392,15.817,-20.5679,-2.60467,0
0.220952,7.74978,-4.79987,-3.4668,29.2847,-39.5964,40.9273,-11.1091,16.8998,-21.2642,-1.6961,0
0.221221,6.22033,-4.10615,-3.30299,28.3396,-39.6859,42.087,-12.4456,17.8907,-21.8836,-0.812519,0
0.22149,4.68018,-3.41296,-3.09487,27.273,-39.6005,43.072,-13.668,18.785,-22.4226,0.043255,0
0.221759,3.13432,-2.72322,-2.84295,26.0876,-39.3405,43.8792,-14.7718,19.5787,-22.8782,0.868601,0
0.222027,1.5877,-2.03977,-2.54801,24.7867,-38.9071,44.5064,-15.7528,20.2682,-23.2475,1.66108,0
0.222296,0.0451845,-1.36531,-2.21117,23.3741,-38.3024,44.9522,-16.6079,20.8504,-23.5283,2.41847,0
0.222565,-1.48847,-0.702424,-1.83379,21.854,-37.5292,45.216,-17.3345,21.3229,-23.7186,3.13874,0
0.222834,-3.00858,-0.053536,-1.41753,20.2315,-36.5909,45.2982,-17.9307,21.6838,-23.817,3.82006,0
0.223103,-4.51063,0.57907,-0.964342,18.5117,-35.4919,45.1997,-18.3952,21.9318,-23.8222,4.46086,0
0.223371,-5.99019,1.19327,-0.476414,16.7006,-34.2371,44.9226,-18.7276,22.0661,-23.7338,5.05975,0
0.22364,-7.44301,1.78709,0.0437917,14.8046,-32.8323,44.4694,-18.9281,22.0867,-23.5515,5.61559,0
0.223909,-8.86499,2.35873,0.593575,12.8303,-31.2837,43.8436,-18.9976,21.9939,-23.2756,6.12746,0
0.224178,-10.2522,2.90656,1.17001,10.7849,-29.5984,43.0494,-18.9377,21.7888,-22.9067,6.59467,0
0.224447,-11.6009,3.42911,1.76993,8.676,-27.7841,42.0917,-18.7507,21.4729,-22.446,7.01676,0
0.224715,-12.9075,3.92509,2.39001,6.51153,-25.8488,40.9762,-18.4395,21.0483,-21.8949,7.3935,0
0.224984,-14.1687,4.39338,3.02672,4.29969,-23.8014,39.7091,-18.0075,20.5178,-21.2554,7.72487,0
0.225253,-15.3812,4.83302,3.67635,2.04899,-21.6511,38.2975,-17.459,19.8845,-20.53,8.01108,0
0.225522,-16.5422,5.24324,4.33508,-0.231807,-19.4074,36.7489,-16.7987,19.1521,-19.7212,8.25256,0
0.225791,-17.6488,5.62339,4.99893,-2.53374,-17.0806,35.0713,-16.0319,18.3247,-18.8323,8.44995,0
0.226059,-18.6986,5.97304,5.66386,-4.84768,-14.6811,33.2735,-15.1643,17.4072,-17.8667,8.60407,0
0.226328,-19.6892,6.29187,6.32571,-7.16437,-12.2197,31.3645,-14.2022,16.4044,-16.8282,8.71598,0
0.226597,-20.6185,6.57973,6.98029,-9.47445,-9.70739,29.3539,-13.1524,15.3219,-15.721,8.7869,0
0.226866,-21.4847,6.83662,7.62336,-11.7685,-7.15546,27.2516,-12.022,14.1656,-14.5496,8.81822,0
0.227135,-22.2861,7.06265,8.25068,-14.0372,-4.57533,25.068,-10.8185,12.9416,-13.3187,8.81151,0
0.227403,-23.0213,7.25808,8.85801,-16.2712,-1.97854,22.8134,-9.54984,11.6566,-12.0332,8.76851,0
0.227672,-23.689,7.4233,9.44117,-18.4612,0.623297,20.4988,-8.22405,10.3172,-10.6985,8.69109,0
0.227941,-24.2883,7.55879,9.99601,-20.598,3.21858,18.135,-6.84953,8.9305,-9.31998,8.58125,0
0.22821,-24.8183,7.66516,10.5185,-22.6726,5.79575,15.7333,-5.43488,7.50379,-7.90325,8.44113,0
0.228479,-25.2785,7.74309,11.0047,-24.6764,8.34335,13.3047,-3.98879,6.04446,-6.4541,8.27297,0
0.228747,-25.6684,7.79335,11.4507,-26.6007,10.85,10.8605,-2.52012,4.56005,-4.97845,8.0791,0
0.229016,-25.9879,7.8168,11.8531,-28.4373,13.3047,8.41181,-1.03774,3.0582,-3.48231,7.86193,0
0.229285,-26.2369,7.81436,12.2081,-30.1784,15.6966,5.96973,0.449439,1.5466,-1.97176,7.62395,0
0.229554,-26.4158,7.78699,12.5127,-31.8163,18.015,3.54519,1.93255,0.0329614,-0.452928,7.3677,0
0.229823,-26.5247,7.73572,12.7636,-33.3439,20.2498,1.14895,3.40282,-1.47504,1.06804,7.09575,0
0.230091,-26.5643,7.66159,12.9582,-34.7546,22.3912,-1.20846,4.85156,-2.96979,2.58501,6.81071,0
0.23036,-26.5353,7.5657,13.0937,-36.042,24.4298,-3.51681,6.2703,-4.44377,4.09191,6.51517,0
0.230629,-26.4385,7.44912,13.168,-37.2004,26.3567,-5.7662,7.65075,-5.88959,5.58272,6.21176,0
0.230898,-26.2749,7.31298,13.1789,-38.2246,28.1635,-7.94711,8.98488,-7.30006,7.05151,5.90306,0
0.231167,-26.0458,7.15837,13.1248,-39.1099,29.8425,-10.0504,10.265,-8.66816,8.4925,5.59163,0
0.231435,-25.7523,6.9864,13.0043,-39.8521,31.3864,-12.0675,11.4836,-9.98715,9.90005,5.27998,0
0.231704,-25.3959,6.79814,12.8162,-40.4477,32.7886,-13.9902,12.6337,-11.2506,11.2687,4.97057,0
0.231973,-24.9781,6.59464,12.5599,-40.8939,34.0433,-15.8109,13.7088,-12.4522,12.5931,4.66579,0
0.232242,-24.5006,6.37694,12.2349,-41.1883,35.1451,-17.5225,14.7026,-13.5862,13.8684,4.36793,0
0.232511,-23.9651,6.14602,11.8411,-41.3293,36.0896,-19.1186,15.6093,-14.6472,15.0896,4.07922,0
0.232779,-23.3736,5.90283,11.3789,-41.3159,36.8728,-20.5935,16.4238,-15.63,16.2523,3.80174,0
0.233048,-22.7278,5.64827,10.8489,-41.1476,37.4917,-21.9418,17.1413,-16.5299,17.3521,3.53749,0
0.233317,-22.0299,5.38318,10.2521,-40.8248,37.944,-23.1591,17.7578,-17.3428,18.3853,3.28834,0
0.233586,-21.282,5.10837,9.58972,-40.3485,38.228,-24.2415,18.2695,-18.0648,19.3481,3.05601,0
0.233855,-20.4862,4.82458,8.8636,-39.7202,38.343,-25.1859,18.6734,-18.6926,20.2372,2.8421,0
0.234123,-19.6448,4.53247,8.07572,-38.9422,38.2889,-25.9899,18.9671,-19.2234,21.0498,2.64803,0
0.234392,-18.7601,4.23268,7.22845,-38.0173,38.0665,-26.6518,19.1488,-19.6549,21.7831,2.47511,0
0.234661,-17.8344,3.92577,6.32449,-36.9492,37.6771,-27.1706,19.2171,-19.9851,22.4351,2.32445,0
0.23493,-16.8701,3.61222,5.36686,-35.7418,37.1231,-27.5459,19.1716,-20.2129,23.0038,2.197,0
0.235199,-15.8698,3.29249,4.35887,-34.4001,36.4074,-27.7783,19.0121,-20.3373,23.4878,2.09357,0
0.235467,-14.8358,2.96696,3.30414,-32.9291,35.5336,-27.8688,18.7392,-20.3581,23.8861,2.01477,0
0.235736,-13.7707,2.63596,2.20655,-31.3349,34.5062,-27.8192,18.3542,-20.2755,24.1978,1.96104,0
0.236005,-12.6771,2.29976,1.07024,-29.6237,33.3302,-27.6321,17.8588,-20.0902,24.4227,1.93266,0
0.236274,-11.5575,1.95859,-0.100403,-27.8025,32.0114,-27.3107,17.2553,-19.8035,24.561,1.92971,0
0.236543,-10.4146,1.61264,-1.30077,-25.8785,30.5561,-26.8587,16.5468,-19.4172,24.6129,1.95214,0
0.236811,-9.25092,1.26204,-2.52605,-23.8597,28.9713,-26.2805,15.7368,-18.9333,24.5794,1.99968,0
0.23708,-8.06916,0.906926,-3.77127,-21.7542,27.2644,-25.5813,14.8291,-18.3548,24.4617,2.07192,0
0.237349,-6.87198,0.547362,-5.03129,-19.5706,25.4435,-24.7664,13.8285,-17.6846,24.2612,2.16828,0
0.237618,-5.66204,0.18341,-6.30083,-17.3177,23.5172,-23.8421,12.7398,-16.9264,23.98,2.28803,0
0.237887,-4.44204,-0.184886,-7.57452,-15.0048,21.4943,-22.815,11.5685,-16.0843,23.6202,2.43025,0
0.238155,-3.21467,-0.557493,-8.84691,-12.6414,19.3843,-21.692,10.3206,-15.1625,23.1845,2.59392,0
0.238424,-1.98263,-0.934384,-10.1125,-10.237,17.1969,-20.4807,9.00231,-14.166,22.6756,2.77784,0
0.238693,-0.74862,-1.31552,-11.3657,-7.80144,14.9422,-19.1889,7.62032,-13.0998,22.0967,2.98068,0
0.238962,0.484646,-1.70087,-12.601,-5.34478,12.6304,-17.8248,6.18159,-11.9694,21.4513,3.20102,0
0.239231,1.71446,-2.09036,-13.8128,-2.87701,10.2721,-16.3969,4.6934,-10.7805,20.7431,3.43727,0
0.239499,2.93812,-2.48392,-14.9958,-0.408199,7.87796,-14.9138,3.16326,-9.53919,19.976,3.68777,0
0.239768,4.15291,-2.88141,-16.1445,2.05158,5.45881,-13.3847,1.59891,-8.25167,19.154,3.95076,0
0.240037,5.35613,-3.2827,-17.2536,4.49231,3.02553,-11.8184,0.00825634,-6.92438,18.2816,4.22436,0
0.240306,6.5451,-3.68757,-18.318,6.90406,0.589005,-10.2243,-1.60067,-5.56393,17.3632,4.50665,0
0.240575,7.71712,-4.09579,-19.3326,9.27705,-1.83989,-8.61151,-3.21973,-4.17707,16.4035,4.79563,0
0.240843,8.86954,-4.50704,-20.2927,11.6017,-4.25038,-6.98939,-4.84076,-2.77063,15.4073,5.08924,0
0.241112,9.99968,-4.92097,-21.1936,13.8686,-6.63182,-5.36715,-6.45557,-1.35152,14.3793,5.38539,0
0.241381,11.1049,-5.33713,-22.031,16.0686,-8.97374,-3.75395,-8.056,0.0733219,13.3246,5.68195,0
0.24165,12.1826,-5.75502,-22.8006,18.1929,-11.2659,-2.15881,-9.634,1.49696,12.2481,5.97678,0
0.241919,13.2302,-6.17407,-23.4986,20.233,-13.4984,-0.590603,-11.1816,2.9125,11.1548,6.26773,0
0.242187,14.2451,-6.59362,-24.1214,22.1809,-15.6615,0.942035,-12.691,4.31312,10.0498,6.55264,0
0.242456,15.2248,-7.01294,-24.6658,24.0288,-17.7459,2.43072,-14.1546,5.69209,8.93805,6.82939,0
0.242725,16.1668,-7.4312,-25.1288,25.7695,-19.7429,3.86736,-15.565,7.04284,7.82446,7.09588,0
0.242994,17.0686,-7.84752,-25.5077,27.3962,-21.6439,5.24422,-16.9151,8.35895,6.71392,7.35004,0
0.243263,17.9278,-8.2609,-25.8004,28.9027,-23.4411,6.55392,-18.1981,9.63421,5.61122,7.58987,0
0.243531,18.7421,-8.67027,-26.0048,30.2832,-25.127,7.78951,-19.4076,10.8626,4.52102,7.81342,0
0.2438,19.5091,-9.0745,-26.1195,31.5325,-26.6947,8.94449,-20.5375,12.0385,3.44786,8.01882,0
0.244069,20.2266,-9.47235,-26.1434,32.6462,-28.1379,10.0128,-21.5821,13.1563,2.3961,8.20427,0
0.244338,20.8925,-9.86251,-26.0756,33.62,-29.4509,10.989,-22.5361,14.211,1.36994,8.36807,0
0.244607,21.5046,-10.2436,-25.9159,34.4507,-30.6286,11.8679,-23.3948,15.1978,0.373379,8.50863,0
0.244875,22.061,-10.6142,-25.6642,35.1355,-31.6667,12.6453,-24.1537,16.1121,-0.589782,8.62445,0
0.245144,22.5597,-10.9727,-25.3211,35.6722,-32.5613,13.3172,-24.8091,16.95,-1.51599,8.71418,0
0.245413,22.9989,-11.3177,-24.8873,36.0594,-33.3094,13.8804,-25.3577,17.7077,-2.40191,8.77657,0
0.245682,23.3768,-11.6474,-24.364,36.2961,-33.9085,14.3321,-25.7966,18.3821,-3.24449,8.81051,0
0.245951,23.6918,-11.9602,-23.753,36.3822,-34.3571,14.6704,-26.1236,18.9701,-4.04094,8.81502,0
0.246219,23.9426,-12.2545,-23.0561,36.3181,-34.6541,14.8938,-26.3371,19.4695,-4.78872,8.78928,0
0.246488,24.1276,-12.5284,-22.2758,36.1049,-34.7993,15.0015,-26.4358,19.8782,-5.48561,8.7326,0
0.246757,24.2457,-12.7801,-21.4148,35.7443,-34.7929,14.9934,-26.4193,20.1948,-6.12968,8.64446,0
0.247026,24.2957,-13.0081,-20.4763,35.2387,-34.6363,14.8699,-26.2875,20.4181,-6.71928,8.52447,0
0.247295,24.2768,-13.2103,-19.4635,34.5909,-34.3311,14.6322,-26.041,20.5475,-7.25309,8.37243,0
0.247563,24.1881,-13.3852,-18.3803,33.8046,-33.8799,14.2818,-25.6809,20.583,-7.73008,8.18826,0
0.247832,24.0291,-13.531,-17.2308,32.8839,-33.2858,13.8212,-25.2089,20.5248,-8.14954,7.97206,0
0.248101,23.7993,-13.646,-16.0193,31.8334,-32.5526,13.2532,-24.6272,20.3736,-8.51107,7.72409,0
0.24837,23.4984,-13.7285,-14.7503,30.6584,-31.6847,12.5814,-23.9385,20.1307,-8.81456,7.44476,0
0.248639,23.1264,-13.7768,-13.4288,29.3646,-30.687,11.8097,-23.1461,19.7976,-9.06022,7.13464,0
0.248907,22.6833,-13.7896,-12.0598,27.9582,-29.5652,10.9427,-22.2538,19.3766,-9.24857,6.79444,0
0.249176,22.1696,-13.7653,-10.6487,26.4458,-28.3253,9.98556,-21.2659,18.87,-9.38038,6.42503,0
0.249445,21.5857,-13.7026,-9.20077,24.8345,-26.9741,8.94373,-20.187,18.2807,-9.45674,6.02742,0
0.249714,20.9324,-13.6001,-7.72177,23.1318,-25.5185,7.82325,-19.0222,17.612,-9.47901,5.60276,0
0.249983,20.2107,-13.4568,-6.21739,21.3455,-23.9662,6.63054,-17.7771,16.8676,-9.4488,5.15233,0
0.250251,19.4216,-13.2716,-4.69347,19.4837,-22.325,5.37239,-16.4576,16.0513,-9.36799,4.67756,0
0.25052,18.5666,-13.0436,-3.15593,17.5549,-20.6033,4.05596,-15.07,15.1674,-9.23869,4.17996,0
0.250789,17.6472,-12.772,-1.6107,15.5675,-18.8097,2.6887,-13.6208,14.2206,-9.06322,3.6612,0
0.251058,16.6655,-12.4564,-0.0637709,13.5306,-16.9531,1.27835,-12.117,13.2157,-8.84414,3.12301,0
0.251327,15.6233,-12.0962,1.47889,11.4531,-15.0426,-0.167142,-10.5655,12.1578,-8.58419,2.56725,0
0.251595,14.523,-11.6912,3.01136,9.34406,-13.0876,-1.63962,-8.97376,11.0523,-8.28629,1.99587,0
0.251864,13.3672,-11.2413,4.52777,7.21273,-11.0975,-3.13079,-7.34925,9.9046,-7.95351,1.41086,0
0.252133,12.1585,-10.7466,6.02234,5.06832,-9.08189,-4.63225,-5.69959,8.72048,-7.58907,0.81432,0
0.252402,10.8999,-10.2074,7.4894,2.92006,-7.05044,-6.13554,-4.03252,7.50573,-7.1963,0.208393,0
0.252671,9.59459,-9.6243,8.92344,0.777105,-5.01277,-7.63218,-2.35582,6.26629,-6.77867,-0.404728,0
0.252939,8.246,-8.9979,10.3191,-1.35145,-2.97847,-9.11371,-0.677309,5.00815,-6.33968,-1.02281,0
0.253208,6.85768,-8.32915,11.6712,-3.45664,-0.957058,-10.5718,0.995205,3.73738,-5.88293,-1.6436,0
0.253477,5.43345,-7.61916,12.9747,-5.52969,1.04207,-11.998,2.65398,2.46004,-5.41206,-2.26482,0
0.253746,3.97728,-6.86926,14.2251,-7.562,3.00969,-13.3844,4.29135,1.18217,-4.93071,-2.88418,0
0.254015,2.49335,-6.08099,15.4177,-9.54522,4.9368,-14.723,5.89979,-0.0902031,-4.44255,-3.4994,0
0.254283,0.985995,-5.25609,16.5483,-11.4713,6.81465,-16.0061,7.47195,-1.35116,-3.95123,-4.10823,0
0.254552,-0.540282,-4.39652,17.6132,-13.3325,8.63479,-17.2263,9.00065,-2.59486,-3.46034,-4.70842,0
0.254821,-2.08083,-3.50443,18.6086,-15.1213,10.3891,-18.3764,10.479,-3.81562,-2.97343,-5.29777,0
0.25509,-3.63086,-2.58218,19.5313,-16.8308,12.0698,-19.4497,11.9002,-5.00788,-2.49398,-5.87412,0
0.255359,-5.18547,-1.63232,20.3784,-18.4542,13.6696,-20.4399,13.2581,-6.1663,-2.02537,-6.43538,0
0.255627,-6.73963,-0.657585,21.1472,-19.9855,15.1815,-21.3409,14.5465,-7.28572,-1.57086,-6.9795,0
0.255896,-8.28824,0.339113,21.8354,-21.4188,16.5991,-22.1472,15.7598,-8.36125,-1.13361,-7.50453,0
0.256165,-9.82611,1.35469,22.4413,-22.7488,17.9165,-22.8538,16.8927,-9.38821,-0.716611,-8.00858,0
0.256434,-11.348,2.3859,22.9633,-23.9708,19.1283,-23.4561,17.9404,-10.3622,-0.322698,-8.48988,0
0.256703,-12.8486,3.42936,23.4003,-25.0805,20.2295,-23.95,18.8982,-11.2793,0.0454596,-8.94672,0
0.256971,-14.3227,4.48154,23.7514,-26.0742,21.2158,-24.3321,19.7624,-12.1355,0.385383,-9.37754,0
0.25724,-15.7649,5.53879,24.0164,-26.9486,22.0836,-24.5994,20.5293,-12.9276,0.694792,-9.78086,0
0.257509,-17.17,6.59734,24.1952,-27.7012,22.8296,-24.7494,21.1959,-13.6524,0.971616,-10.1553,0
0.257778,-18.5326,7.65336,24.2881,-28.3297,23.4515,-24.7805,21.7596,-14.3072,1.214,-10.4998,0
0.258047,-19.8476,8.7029,24.296,-28.8328,23.9471,-24.6913,22.2185,-14.8896,1.42033,-10.813,0
0.258315,-21.1099,9.74197,24.2199,-29.2094,24.3153,-24.4813,22.5709,-15.3978,1.5892,-11.0941,0
0.258584,-22.3145,10.7665,24.0613,-29.4591,24.5554,-24.1505,22.816,-15.8301,1.71948,-11.3423,0
0.258853,-23.4564,11.7725,23.8219,-29.5822,24.6673,-23.6994,22.9532,-16.1852,1.81027,-11.5569,0
0.259122,-24.531,12.7559,23.504,-29.5793,24.6517,-23.1292,22.9825,-16.4626,1.8609,-11.7373,0
0.259391,-25.5336,13.7126,23.1099,-29.4517,24.5096,-22.4417,22.9046,-16.6616,1.87098,-11.8832,0
0.259659,-26.4598,14.6385,22.6424,-29.2012,24.243,-21.6392,22.7205,-16.7824,1.84037,-11.9943,0
0.259928,-27.3054,15.5297,22.1046,-28.8301,23.8542,-20.7246,22.4319,-16.8254,1.76916,-12.0704,0
0.260197,-28.0664,16.3822,21.4998,-28.3414,23.3461,-19.7015,22.0408,-16.7912,1.6577,-12.1117,0
0.260466,-28.7391,17.1923,20.8315,-27.7382,22.7224,-18.5739,21.5498,-16.6812,1.50659,-12.1184,0
0.260735,-29.3199,17.9562,20.1035,-27.0245,21.9871,-17.3462,20.962,-16.4967,1.31667,-12.0907,0
0.261003,-29.8058,18.6703,19.3199,-26.2044,21.1447,-16.0236,20.281,-16.2398,1.089,-12.0291,0
0.261272,-30.1938,19.331,18.4849,-25.2827,20.2003,-14.6115,19.5106,-15.9125,0.824897,-11.9342,0
0.261541,-30.4812,19.9353,17.6028,-24.2645,19.1596,-13.1159,18.6553,-15.5177,0.525867,-11.8068,0
0.26181,-30.6659,20.4798,16.6782,-23.1551,18.0284,-11.5432,17.7198,-15.058,0.193643,-11.6477,0
0.262079,-30.7458,20.9618,15.7158,-21.9604,16.8133,-9.90015,16.7093,-14.5367,-0.169849,-11.4579,0
0.262347,-30.7195,21.3784,14.7202,-20.6866,15.5208,-8.19384,15.6292,-13.9574,-0.562491,-11.2384,0
0.262616,-30.5857,21.7272,13.6964,-19.3399,14.1582,-6.43174,14.4853,-13.3237,-0.981995,-10.9906,0
0.262885,-30.3436,22.006,12.6491,-17.9271,12.7328,-4.62155,13.2836,-12.6396,-1.42591,-10.7157,0
0.263154,-29.9928,22.2128,11.5833,-16.455,11.2523,-2.77126,12.0306,-11.9093,-1.89162,-10.415,0
0.263423,-29.5332,22.3459,10.5039,-14.9307,9.72456,-0.889046,10.7327,-11.1373,-2.37641,-10.0902,0
0.263691,-28.9652,22.4038,9.41573,-13.3614,8.15771,1.01674,9.39674,-10.328,-2.87743,-9.74276,0
0.26396,-28.2895,22.3855,8.32368,-11.7544,6.55994,2.93762,8.02949,-9.48633,-3.39171,-9.37432,0
0.264229,-27.5073,22.29,7.23251,-10.1171,4.9396,4.86502,6.638,-8.61698,-3.91622,-8.98662,0
0.264498,-26.6202,22.117,6.14688,-8.45691,3.30506,6.79033,5.22933,-7.72492,-4.44786,-8.58142,0
0.264767,-25.6302,21.8662,5.07135,-6.78139,1.66476,8.7049,3.81062,-6.81517,-4.98347,-8.16052,0
0.265035,-24.5397,21.5377,4.01036,-5.09793,0.0271039,10.6002,2.389,-5.89276,-5.51986,-7.72579,0
0.265304,-23.3514,21.1321,2.96817,-3.4139,-1.59957,12.4676,0.971602,-4.96277,-6.05383,-7.2791,0
0.265573,-22.0687,20.65,1.94888,-1.73662,-3.207,14.2987,-0.434529,-4.03025,-6.58216,-6.82233,0
0.265842,-20.6951,20.0926,0.956386,-0.0732363,-4.78707,16.0854,-1.82242,-3.10021,-7.10168,-6.35741,0
0.266111,-19.2345,19.4614,-0.00561793,1.56923,-6.33184,17.8195,-3.18525,-2.17761,-7.60923,-5.88624,0
0.266379,-17.6914,18.7581,-0.933666,3.18394,-7.83357,19.4932,-4.51632,-1.26732,-8.10172,-5.41071,0
0.266648,-16.0704,17.9848,-1.82454,4.7643,-9.28479,21.099,-5.80915,-0.374086,-8.57611,-4.93272,0
0.266917,-14.3766,17.144,-2.67525,6.30392,-10.6783,22.6295,-7.05749,0.497466,-9.02948,-4.4541,0
0.267186,-12.6154,16.2384,-3.48312,7.7967,-12.0072,24.078,-8.25533,1.34288,-9.45897,-3.97669,0
0.267455,-10.7924,15.2711,-4.2457,9.23684,-13.2649,25.4377,-9.39693,2.15789,-9.86187,-3.50227,0
0.267723,-8.9137,14.2453,-4.96086,10.6188,-14.4453,26.7026,-10.4769,2.93842,-10.2356,-3.03255,0
0.267992,-6.98553,13.1646,-5.62673,11.9376,-15.5426,27.8669,-11.4901,3.68061,-10.5776,-2.56922,0
0.268261,-5.01441,12.0331,-6.24177,13.1882,-16.5515,28.9254,-12.4319,4.38088,-10.8858,-2.11387,0
0.26853,-3.00709,10.8547,-6.80472,14.3664,-17.4671,29.8732,-13.2979,5.03587,-11.1579,-1.66803,0
0.268799,-0.970505,9.63388,-7.31462,15.468,-18.2851,30.7061,-14.0842,5.64251,-11.392,-1.23317,0
0.269067,1.0882,8.37523,-7.77083,16.4896,-19.0014,31.4203,-14.7872,6.19804,-11.5864,-0.810641,0
0.269336,3.16175,7.08354,-8.17299,17.4278,-19.6127,32.0125,-15.404,6.69996,-11.7394,-0.401729,0
0.269605,5.24273,5.76378,-8.52107,18.28,-20.1161,32.4801,-15.9317,7.14613,-11.8499,-0.0076163,0
0.269874,7.32364,4.4211,-8.81529,19.0437,-20.5093,32.8209,-16.3683,7.53471,-11.9165,0.370612,0
0.270143,9.39691,3.06078,-9.05621,19.7172,-20.7905,33.0334,-16.7121,7.86419,-11.9385,0.731975,0
0.270411,11.4549,1.68823,-9.24463,20.2989,-20.9584,33.1166,-16.9617,8.13341,-11.9151,1.0756,0
0.27068,13.49,0.308929,-9.38164,20.7879,-21.0123,33.0701,-17.1165,8.34154,-11.846,1.40071,0
0.270949,15.4947,-1.07154,-9.46859,21.1836,-20.9522,32.894,-17.1763,8.48812,-11.7307,1.70666,0
0.271218,17.4613,-2.44758,-9.50709,21.4859,-20.7783,32.5892,-17.1411,8.573,-11.5695,1.9929,0
0.271487,19.3825,-3.81354,-9.49896,21.6951,-20.4916,32.1569,-17.0116,8.5964,-11.3624,2.25901,0
0.271755,21.2508,-5.16379,-9.44628,21.812,-20.0937,31.5991,-16.7891,8.55887,-11.11,2.50466,0
0.272024,23.0591,-6.49273,-9.3513,21.8376,-19.5865,30.9183,-16.4752,8.4613,-10.8129,2.72965,0
0.272293,24.8003,-7.79481,-9.21649,21.7737,-18.9727,30.1174,-16.0719,8.30491,-10.472,2.93389,0
0.272562,26.4676,-9.06456,-9.04449,21.6221,-18.2551,29.2,-15.5817,8.09125,-10.0886,3.11739,0
0.272831,28.0545,-10.2966,-8.83808,21.3852,-17.4375,28.1701,-15.0077,7.82216,-9.66391,3.28028,0
0.273099,29.5545,-11.4857,-8.6002,21.0656,-16.5237,27.0322,-14.3531,7.49981,-9.19949,3.4228,0
0.273368,30.9616,-12.6269,-8.33388,20.6665,-15.5183,25.7915,-13.6217,7.12664,-8.69708,3.54528,0
0.273637,32.2702,-13.7151,-8.04229,20.1911,-14.4261,24.4533,-12.8177,6.70536,-8.15862,3.64814,0
0.273906,33.4748,-14.7457,-7.72863,19.6432,-13.2523,23.0235,-11.9455,6.23894,-7.58622,3.73193,0
0.274175,34.5704,-15.7142,-7.39621,19.0266,-12.0026,21.5085,-11.0099,5.73062,-6.98215,3.79725,0
0.274443,35.5523,-16.6164,-7.04832,18.3456,-10.6829,19.9147,-10.0161,5.18381,-6.34884,3.84481,0
0.274712,36.4164,-17.4484,-6.68832,17.6046,-9.29969,18.2493,-8.96947,4.60217,-5.68886,3.87539,0
0.274981,37.1589,-18.2065,-6.31953,16.8083,-7.85937,16.5194,-7.87561,3.98952,-5.00489,3.88985,0
